61.5,-142.9
55.1872,-132.7982
55.2035,-132.8202
62.9375,-141.5667
61.0595,-149.7853
62.77335,-141.3165
64.89139,-147.8142
32.31435,-85.16235
33.28375,-87.32655
34.95605,-86.4559
34.5422,-86.66465
34.9263,-87.02025
34.80405,-87.50905
34.92855,-87.1105
33.13195,-88.17885
31.4515,-88.08305
33.97575,-87.45876
31.58255,-87.96095
34.4881,-86.6333
34.6802,-87.00665
31.16,-87.09069
33.13,-88.14999
33.21145,-87.35664
33.26035,-87.31821
34.7325,-86.52105
32.6218,-85.4258
33.3674,-86.64066
33.6205,-86.4664
33.8132,-86.7891
32.30673,-87.24547
31.00002,-86.99782
32.43,-85.705
33.35,-85.625
34.27607,-86.17524
33.59,-86.5
32.184,-86.581
33.36305,-86.17122
34.71139,-86.6575
30.7113,-87.91833
32.76967,-86.4891
31.86801,-85.35995
33.8957,-87.53395
33.8957,-87.53395
34.70112,-87.77686
31.13586,-87.06486
31.34781,-86.54527
33.41574,-88.12475
31.25385,-88.26291
33.82162,-85.48985
34.32279,-86.5045
34.47091,-86.56954
34.29511,-86.88621
32.48322,-86.37698
33.55153,-86.98473
32.91874,-85.9793
33.37095,-87.6942
31.651,-85.19265
34.00806,-86.96416
34.14117,-85.22781
31.23374,-85.21574
31.53475,-85.7944
33.89833,-86.84557
34.55056,-92.34083
36.19444,-92.38222
36.33528,-92.385
34.08,-93
34.25,-93.1
33.76986,-94.3643
34.787,-91.735
36.12083,-90.51056
33.82111,-92.03389
35.9975,-93.83426
35.42097,-93.15208
33.88861,-93.20389
33.26666,-93.886
36.19791,-91.1125
34.56444,-92.58667
36.37111,-91.87
36.20611,-94.23417
34.70694,-94.45417
36.18333,-94.44694
35.64861,-91.45889
36.34167,-93.94583
34.88111,-91.08056
35.27833,-93.13361
33.18639,-93.9475
34.53167,-92.40778
35.09306,-94.356
33.7985,-91.27056
36.41,-93.74
35.44944,-91.51306
33.14663,-92.61493
34.87,-92.12
36.31519,-93.75723
33.26462,-92.64066
34.285,-93.162
35.34572,-93.75313
35.0194,-90.32
34.369,-94.3745
34.44652,-93.07654
33.14759,-93.89135
35.36335,-94.229
36.29871,-92.63179
34.73147,-92.75093
33.26855,-91.22115
33.33171,-93.98622
36.14065,-92.52505
36.33205,-91.52025
34.86535,-92.3575
36.38605,-92.30614
35.703,-91.46231
35.34737,-91.60007
36.37399,-92.27071
35.255,-91.50301
34.4125,-94.1125
34.85324,-92.25454
34.20873,-92.57542
34.92336,-92.30519
35.738,-90.1355
35.186,-93.206
31.99003,-110.1835
34.90831,-110.8403
36.09081,-109.4276
34.4,-111.5
33.6247,-109.3191
36.54165,-109.29
35.656,-111.938
34.325,-109.64
32.815,-109.675
34.6,-109.44
33.85,-111.69
33.99989,-110.4298
33.3785,-112.6432
34.28939,-111.1367
35.241,-111.8634
34.1,-110.165
34.55154,-112.5421
34,-110
32.95,-112.73
34.285,-110.11
37.35944,-119.6436
38.93333,-119.9833
38.9575,-120.0914
40.80222,-124.1625
38.28085,-119.836
40.33556,-121.9139
37.23389,-119.2119
38.17677,-119.9065
41.41,-120.6781
38.93,-120.205
38.93333,-119.9833
38.86,-120.1358
37.35861,-118.9975
38.06615,-120.1877
36.10222,-118.8489
38.19753,-119.9811
41.45833,-122.4306
41.42806,-122.3839
38.04806,-119.2642
40.63556,-122.7325
38.03898,-120.2339
36.05278,-118.1303
38.26661,-119.8633
41.82417,-122.9958
41.3657,-123.1317
38.25583,-122.5833
39.21278,-120.8908
37.91111,-119.2569
33.2675,-116.8625
41.21361,-122.2703
39.3225,-120.2653
40.92911,-121.6156
39.68833,-123.4817
38.85556,-120.0133
38.93333,-119.9833
40.26639,-123.8692
40.26639,-123.8692
36.2485,-121.495
40.8875,-122.3775
39.92778,-122.1781
39.26361,-121.0161
39.68833,-123.4817
39.22361,-123.7675
37.5703,-118.972
38.72139,-120.5836
39.205,-121.58
40.465,-124
37.23389,-119.2119
36.0438,-118.7402
39.31917,-120.3275
38.0312,-120.2434
37,-121.7
40.75,-122.1667
40.85,-123.55
38.90333,-120.6033
36.7818,-120.201
40.7974,-122.278
35.5565,-121.2919
36.3779,-121.7146
41.75,-123.35
38.3068,-119.5483
39.25396,-121.0517
41.65,-123.85
40.7485,-123.2718
41.75,-123.35
37.39555,-121.4871
39.50435,-120.3784
40.6789,-122.8055
38.86165,-120.2201
37.58325,-118.9166
41.21385,-124.0687
40.7333,-122.6667
38.4906,-121.7138
41.8333,-123.1668
34.6167,-118.4333
41.28996,-123.056
39.83929,-123.2393
37.9333,-119
39.51489,-123.3899
38.33115,-119.7853
34.625,-119.2916
33.95002,-116.5333
36.70835,-118.375
37.475,-121.07
38.83996,-123.0585
36.79165,-118.125
34.73389,-119.9254
41.98645,-123.1749
38.79998,-120.2083
39.705,-121.18
34.76666,-118.5834
41.65925,-123.4498
35.665,-120.55
38.25,-121
41.845,-122.575
38.51665,-119.6234
34.28665,-117.3395
36.77763,-118.9604
50.4023,-114.4419
50.0865,-114.2347
55.26332,-114.3957
53.62819,-114.1397
52.51666,-115.8742
56.12543,-117.1638
53.92005,-113.0987
50.03888,-110.6488
49.01115,-114.0243
50.84333,-116.0426
49.3402,-121.3177
53.08,-119.665
56.3321,-121.3324
50.80041,-122.1751
59.61,-123.12
49.94374,-123.2054
49.54,-123.94
49.51069,-123.8562
53.59444,-120.4736
54.23708,-122.0064
49.62125,-121.3976
49.09555,-119.8664
49.4068,-122.1171
49.175,-121.525
49.24,-121.94
49.28569,-117.8504
51.05747,-118.398
48.83319,-124.2872
48.56704,-123.6171
49.26528,-125.3675
49.0922,-122.6089
49.73385,-119.8076
50.29765,-115.5743
48.35765,-123.3647
50.58304,-118.188
50.8604,-127.735
49.4085,-124.6929
49.41289,-116.5133
49.20805,-117.9636
50.25,-98.03333
50.5697,-96.17149
52.9884,-99.11815
54.245,-97.595
50.91725,-100.9129
53.99,-101.274
45.6746,-67.05334
45.98335,-64.4627
43.2114,-79.5985
45.01904,-79.1338
44.86073,-79.76308
49.16669,-81.00553
51.03445,-93.88194
43.62427,-80.60942
48.03027,-79.94618
44.53995,-75.63184
48.36266,-92.04907
49.40276,-94.02934
48.60385,-93.47855
52.6752,-94.5176
48.51035,-79.81129
44.61615,-76.4198
44.15255,-80.02915
44.30352,-80.66389
60.36933,-134.4837
60.69976,-135.1155
37.57915,-105.4979
39.67095,-105.8199
39.1084,-107.0153
40.79166,-105.9583
38.8922,-105.1058
39.21338,-105.0652
38.49833,-107.8833
37.30833,-106.4917
37.32255,-106.5123
39.42923,-104.9677
39.6632,-106.8085
38.8993,-104.9743
38.54166,-104.9908
39.18975,-106.4269
39.26944,-106.3833
40.57499,-105.3646
40.45418,-108.5417
37.75417,-107.7667
38.753,-105.1598
40.54167,-105.9333
39.24998,-106.2583
37.4625,-108.2083
38.4,-105.1167
38.6691,-104.8604
39.25,-106.3
39.32385,-106.2275
39.3375,-107.0671
40.4521,-106.6535
38.9006,-104.9917
37.5969,-105.4826
39.11636,-105.2155
37.025,-106.8583
37.09263,-104.3786
38.59998,-106.6417
39.0917,-106.4417
39.45824,-106.625
39.31667,-105.3542
38.875,-107.7084
38.826,-105.1146
40.00817,-105.298
39.0465,-105.2146
37.33925,-108.3364
39.16305,-107.9514
38.0654,-105.1137
40.17585,-105.3792
38.5859,-104.9426
39.7198,-106.1666
37.83905,-107.7247
38.716,-104.875
39.39565,-105.7854
39.1006,-106.5445
40.84707,-105.6385
37.37285,-106.496
38.83714,-106.199
37.70338,-107.7015
39.40589,-105.475
39.37357,-107.0596
39.80777,-106.3023
39.35503,-105.2527
41.36935,-73.1512
41.49472,-73.36136
41.42178,-72.85863
30.98555,-85.6489
30.6645,-84.60745
26.5931,-80.21295
27.0047,-82.0332
30.2333,-81.52915
28.3725,-80.8595
26.27395,-80.1937
26.08285,-80.21025
30.05705,-81.75165
26.15915,-81.76041
26.06885,-80.8368
25.91695,-81.29691
29.6699,-82.98365
28.50665,-82.50591
30.8724,-85.217
29.10635,-81.62275
29.0599,-82.05835
29.1951,-81.90875
29.19395,-81.9233
30.51295,-86.5065
28.3609,-80.93504
27.97255,-81.12476
28.1382,-81.0621
27.99245,-81.19445
28.3836,-82.6053
28.85025,-80.93919
30.84015,-86.9648
29.85375,-81.3456
29.7351,-81.96195
26.59885,-81.8708
27.7068,-82.45165
28.6901,-81.5446
29.4179,-82.55556
29.77535,-82.3657
29.47035,-81.1273
26.01535,-81.0651
29.77295,-81.68295
27.0099,-80.13215
30.4836,-84.20835
30.9905,-87.1814
30.7599,-85.76891
28.5716,-82.52655
25.8972,-81.3065
27.3973,-80.8044
29.98085,-81.80005
30.4544,-81.4189
30.56775,-86.6913
30.4664,-85.6316
29.07655,-81.9055
30.9854,-85.95136
29.591,-82.929
27.28518,-82.46557
26.61979,-80.60976
28.00845,-81.93871
27.099,-82.454
27.89469,-81.9742
29.098,-82.42
28.043,-82.438
30.587,-84.583
25.927,-81.33
27.37341,-81.35876
28.775,-81.6965
30.069,-81.771
29.191,-82.6505
25.141,-80.926
28.252,-82.44749
26.0079,-81.22285
30.3125,-82.879
30.2809,-81.83705
30.05287,-81.82794
29.1039,-82.3722
30.10139,-81.88324
30.03432,-81.90216
28.78028,-81.90477
30.23693,-81.54172
30.10386,-81.89565
30.11584,-81.94118
25.51665,-80.43689
29.43465,-81.80878
29.3143,-81.7268
29.93629,-85.3948
28.86151,-81.7757
27.7752,-81.9755
30.10851,-81.89905
25.95574,-81.48598
28.19899,-82.76431
28.14617,-82.24487
28.29425,-82.71758
28.44926,-81.95577
29.58358,-82.33316
29.47368,-82.6783
30.08748,-81.85762
28.44926,-81.95577
28.50566,-81.97483
29.94011,-81.91354
29.39384,-82.44225
30.6966,-86.7513
28.93312,-80.84301
28.78812,-82.40295
28.31193,-80.7217
28.78806,-82.53305
29.36953,-81.86789
28.48899,-80.84716
26.80829,-80.16933
29.83863,-81.2299
30.71362,-85.20786
29.28971,-81.52609
28.85982,-81.48534
27.78042,-80.55011
28.54205,-81.20045
29.16722,-82.01917
28.20954,-80.83882
29.05872,-81.4819
26.85451,-81.71583
29.49577,-81.74579
25.39544,-80.59502
25.76119,-80.58182
28.99496,-81.59869
28.62323,-81.12898
26.67822,-81.81697
30.71004,-82.0443
29.33246,-81.12292
30.54079,-84.91096
30.40785,-83.96767
29.42016,-82.82335
27.66726,-82.43094
29.97917,-81.85223
29.67757,-82.35501
29.1795,-82.0435
28.14162,-82.3948
26.05091,-80.29457
26.9745,-82.1475
27.19995,-81.98468
28.09538,-82.74918
25.54494,-80.47805
29.00086,-81.64167
29.23723,-83.00198
27.35273,-82.22301
28.42146,-81.23721
33.26885,-85.12705
34,-85
34.28745,-84.59345
33.3646,-82.24471
34.6423,-83.4192
32.0538,-85.0409
31.8792,-81.88475
34.70435,-84.2269
30.67,-83.412
31.82345,-81.73075
33.70037,-84.53352
33.5388,-84.869
34.672,-83.714
31.08925,-81.41267
32.38575,-82.24886
34.68319,-83.69085
33.32442,-84.2532
34.74775,-83.48067
31.2439,-82.1341
31.24842,-83.13654
33.48295,-84.7681
32.0391,-81.436
33.80785,-84.78979
33.81029,-84.97515
31.43265,-84.1293
34.1318,-84.73846
34.48287,-84.5136
34.42654,-85.31646
34.64145,-83.80404
34.39965,-84.383
31.17384,-83.26071
34.8155,-84.58501
34.06705,-82.86789
34.31955,-84.48006
33.49565,-84.5317
33.2706,-84.73555
30.83105,-82.6386
31.46641,-81.64665
34.8243,-84.72352
31.18562,-83.66153
32.86288,-83.55708
31.9853,-81.61756
34.7673,-83.77811
34.84161,-83.94456
34.17521,-85.18678
32.96854,-85.02602
33.34677,-83.90588
32.2462,-84.08932
33.46372,-83.61285
34.36153,-83.87177
34.03528,-84.83903
34.05198,-85.16238
34.66467,-83.71705
33.94979,-84.82338
33.81871,-85.10207
32.30676,-83.16122
34.8804,-83.31311
41.3675,-92.9008
42.47806,-93.82007
41.59377,-93.974
43.078,-91.3867
42.8674,-94.356
40.995,-91.75205
41.62183,-93.63804
42.50817,-96.40213
40.59604,-93.77783
43.17215,-92.76577
42.72063,-94.22206
42.0152,-94.3677
42.73854,-93.22192
42.7525,-91.8043
42.28422,-91.68192
40.8348,-93.85965
41.461,-94.045
42.4104,-90.66615
41.47445,-91.74585
42.55997,-90.76557
42.03477,-93.92304
42.33531,-90.93558
41.52387,-93.4371
42.5149,-111.1241
47.95614,-116.7787
45.08334,-115.75
44.91666,-116.0833
44.85,-116.4
42.79166,-116.25
45.9978,-116.9156
44.75,-115.9167
44.25028,-114.7503
44.41666,-115.5833
45.08334,-115.75
47.70965,-116.9266
48.1143,-116.0558
44.0925,-112.455
44.58335,-116.0834
46.8102,-116.8368
43.4082,-114.8281
43.41005,-111.7899
48.255,-116.1475
42.21834,-114.2634
46.94,-115.586
47.509,-115.9965
48.6334,-116.934
48.49805,-116.4171
42.5149,-111.1241
44.28265,-115.8714
46.19614,-141.006
44.41131,-112.2873
48.1964,-116.99
44.95277,-116.0542
48.45359,-116.6339
47.02242,-116.0518
44.66862,-116.1155
39.2949,-90.608
38.98,-89.136
37.34339,-88.71672
40.4664,-91.0007
40.8139,-91.0863
41.30412,-89.9595
41.7798,-89.689
39.06,-89.558
38.92241,-90.16171
40.5332,-90.0594
38.68707,-89.09732
37.91,-88.929
41.3368,-88.562
41.295,-88.595
41.33,-88.55
41.3368,-88.562
42.1295,-88.1577
40.34057,-87.47077
38.4763,-89.54485
40.316,-90.459
39.853,-89.5
42.21,-89.85
42.1846,-89.022
39.781,-88.867
38.946,-89.582
39.06,-89.98351
40.9452,-90.9009
41.55965,-90.40675
39.607,-90.64
37.289,-88.9963
38.567,-89.341
38.72226,-89.80125
39.26776,-89.48787
38.9951,-90.1451
41.16124,-87.58124
41.2285,-89.3211
40.19732,-88.724
39.93521,-89.88871
40.82944,-89.73378
39.57463,-90.24173
38.7774,-90.012
39.6548,-90.18651
39.53747,-90.17564
39.7721,-89.4691
40.5658,-90.0055
39.5075,-89.3469
40.62288,-89.99328
41.84136,-87.83285
39.5075,-89.3469
41.33018,-88.53889
41.29663,-88.60814
37.60075,-88.38197
39.02341,-90.40184
41.7584,-90.0795
41.42396,-88.71103
40.14471,-89.41959
39.8213,-88.1676
41.4209,-88.706
38.71682,-87.68468
40.59904,-89.88347
40.98073,-90.18332
42.18476,-88.29926
41.61575,-88.4586
38.51689,-90.16501
41.42741,-88.71402
39.84874,-89.55229
38.1038,-88.99181
37.18404,-89.36896
37.71917,-89.48784
40.45273,-90.79664
41.30374,-88.95451
39.8732,-88.9813
39.37753,-90.04582
38.37945,-87.79079
41.53346,-87.75156
37.71917,-89.48784
40.67577,-89.60034
40.25679,-90.59952
40.26916,-88.1033
39.91682,-90.95499
37.68485,-89.49155
41.40762,-87.60593
39.2372,-88.61966
37.88755,-88.98393
38.354,-87.8572
39.30525,-90.0933
40.9119,-90.928
37.63264,-89.17177
41.72264,-89.80784
41.12409,-90.16382
41.9586,-87.8574
41.3224,-88.92
40.9474,-90.4429
39.50655,-88.70795
40.625,-90.3832
42.1838,-88.30026
41.34693,-88.23882
38.96846,-89.72024
41.29601,-88.60679
37.9308,-88.362
37.85126,-89.23383
37.4351,-89.30203
38.43189,-89.87113
40.67855,-89.49032
39.4383,-89.86021
38.33912,-89.35323
37.56937,-89.36241
39.75318,-89.56226
37.56937,-89.36241
40.18,-86.1512
41.3382,-85.7037
41.062,-86.5945
39.3579,-85.61
39.365,-85.8486
40.0403,-86.1084
39.4862,-86.161
39.38,-86.11
38.01,-87.3203
39.8679,-87.23335
39.01166,-86.57665
39.32117,-86.46065
38.12318,-86.64338
39.17295,-84.971
38.6899,-86.25349
40.54919,-85.69739
40.8179,-85.3532
39.45697,-85.5481
37.83837,-87.13843
37.81005,-94.72448
39.1489,-96.9614
37.0504,-95.0802
38.6234,-94.6837
39.1463,-96.8223
37.52947,-97.60829
37.64103,-97.40294
39.33292,-95.84024
37.192,-95.7455
38.9142,-95.2577
37.0581,-97.3374
38.3908,-95.6491
39.072,-95.747
38.62563,-96.44296
39.7273,-97.34005
37.56279,-98.42924
39.2305,-95.44415
37.3444,-97.1953
37.40504,-97.4572
38.19744,-97.41755
39.1062,-99.26195
39.8595,-94.54
39.30595,-98.2833
36.8207,-88.41175
37.7764,-83.67952
37.3181,-84.92358
37.95708,-84.97527
38.53187,-82.7989
37.94235,-82.88309
37.77591,-82.74628
36.9372,-88.9949
36.7999,-83.66641
37.34029,-87.89844
37.53705,-84.2552
37.89508,-84.1989
38.45795,-83.9311
38.44148,-85.0016
36.89478,-87.02245
37.05575,-86.98705
38.51465,-83.83695
38.63454,-83.80266
37.57039,-84.28714
37.37814,-83.25562
37.26532,-82.69576
38.42968,-82.64877
37.83777,-82.43635
36.66257,-84.33998
38.56277,-83.32354
38.02825,-82.83425
37.82708,-83.81139
38.528,-84.588
36.9265,-83.0452
38.02653,-82.83278
37.75972,-87.96917
36.82806,-88.15556
36.75139,-87.89472
37.0787,-83.95846
37.06226,-83.9769
37.29395,-87.52757
37.6095,-87.344
36.67311,-83.85683
37.49582,-83.89224
38.05703,-83.46259
38.90649,-84.67017
37.75745,-84.10435
36.68937,-86.45915
37.81144,-83.08006
37.64966,-87.01657
37.55156,-84.50035
37.42701,-82.48093
38.12912,-84.94009
37.47975,-82.5183
38.1078,-82.73412
37.96027,-86.11702
39.08002,-84.79574
37.97699,-84.90234
36.8216,-87.93167
38.06181,-82.69125
38.2592,-83.41507
36.83193,-83.42429
37.00633,-83.56467
37.65522,-86.93743
38.31738,-82.51773
37.51867,-86.05289
30.1878,-90.8493
32.7817,-93.9467
31.6825,-92.3104
31.3799,-92.37835
31.1375,-92.4976
31.3058,-92.4054
32.8057,-92.40895
31.1458,-93.2512
31.6825,-92.3104
31.4871,-92.3309
31.6498,-93.0887
31.4676,-92.2508
31.3904,-92.3495
30.49905,-91.01565
31.14195,-93.2952
30.2576,-92.6221
31.5831,-93.50845
32.0199,-92.914
32.895,-93.45
32.0131,-91.14448
31.40304,-92.46844
30.74715,-91.76733
29.5385,-90.593
42.6688,-71.9023
42.01496,-71.58914
41.74419,-70.95906
42.09091,-71.42092
42.7396,-73.21289
39.08414,-76.82731
39.67183,-76.34047
43.74,-84.58583
43.26806,-82.53083
43.59611,-84.42722
46.61183,-87.73236
43.79834,-84.2114
42.30472,-83.60472
43.5975,-84.66833
42.39472,-85.60028
43.235,-85.34194
44.4355,-84.7602
42.86361,-86.16861
43.41444,-83.18583
43.94111,-83.27139
46.47182,-87.42407
41.93,-84.35389
43.92736,-83.92834
42.40611,-83.58
44.51436,-85.82096
42.323,-85.05965
44.36434,-84.05358
41.9773,-84.7802
44.29188,-84.72922
46.5244,-88.16701
46.01398,-87.98718
46.09045,-87.48289
45.91515,-84.87524
45.9642,-87.3289
42.3125,-84.7378
46.34575,-85.95865
46.56725,-85.589
44.41835,-84.40335
43.21,-85.41
46.3126,-86.5228
42.68505,-84.04025
44.7,-84.71
46.56913,-88.28403
46.18968,-85.97613
45.964,-86.1437
44.62845,-85.86292
45.1475,-84.425
44.76,-84.12485
44.565,-83.845
44.17335,-84.6
44.5256,-84.06493
43.87,-84.355
43.45135,-85.12935
43.1095,-84.9825
44.94835,-84.165
44.59665,-84.0415
46.37165,-84.91665
44.76665,-85.00165
45.35665,-84.605
42.068,-84.22701
45.40985,-83.85985
44.525,-85.075
44.22671,-86.10172
45,-85
46.60424,-87.46171
46.19183,-86.21193
41.871,-84.2995
43.674,-86.4565
45.351,-83.4885
44.1305,-85.2165
44.0559,-85.92196
42.225,-85.6885
44.2725,-83.89001
44.38367,-86.19037
44.50587,-85.51546
46.3018,-89.91997
43.38621,-84.88741
43.80075,-92.36145
47.27147,-93.02428
43.80075,-92.36145
47.5754,-92.53
45.1836,-93.06226
46.50385,-95.11484
47.43842,-94.98708
47.52522,-93.25262
47.5,-93
47.4284,-92.01759
45.8,-94.27725
47.83334,-92.92708
37.8597,-91.432
38.04414,-92.97639
39.8397,-91.6533
36.6,-91.2
39.29007,-91.09014
39.3735,-91.093
37.82861,-92.20055
38.0944,-93.5577
37.9939,-93.8794
37.8602,-90.0329
38.039,-90.7517
38.655,-90.675
37.07354,-93.13545
37.11433,-93.71506
38.81124,-92.59781
37.714,-92.173
36.615,-92.425
37.0968,-93.4303
38.3085,-92.8254
38.28,-91.6253
39.7557,-92.9282
38.305,-92.411
37.3317,-93.614
36.8133,-93.8232
38.62,-91.96238
38.69428,-90.52987
37.117,-93.894
36.66708,-90.9525
36.67065,-93.65774
36.00565,-89.67815
38.22635,-90.39488
39.859,-94.856
37.286,-89.6075
36.94109,-92.7622
37.664,-93.684
37.236,-89.55949
37.87153,-93.82087
38.73802,-90.53249
36.97061,-92.09264
37.79465,-90.79886
36.06055,-89.98725
38.2081,-91.16042
38.9099,-92.36771
36.87593,-89.86899
37.03575,-94.52888
38.21285,-90.66216
36.51627,-94.60989
38.56724,-92.07335
36.8109,-92.3046
39.04035,-94.16049
37.85524,-94.11218
37.84203,-94.6028
37.39315,-91.3012
37.40025,-90.23058
37.02496,-92.11988
36.39835,-93.14626
38.5229,-94.19245
39.30745,-94.59565
38.5992,-94.1057
36.66887,-93.29459
40.39956,-94.02478
39.60238,-94.40015
37.30427,-90.83465
38.99353,-94.22043
38.93704,-92.32704
39.502,-94.29428
37.422,-91.578
39.2475,-94.271
37.718,-90.177
37.7925,-92.05
31.1603,-90.71574
33.10925,-89.59135
30.2464,-89.6111
32.3372,-88.74805
33.50025,-88.40335
34.31605,-89.845
32.2714,-88.7496
30.97675,-89.0338
33.56555,-90.8022
31.39275,-91.08505
32.1806,-88.864
34.60905,-88.19894
32.036,-88.77015
32.036,-88.77015
32.40191,-90.19371
45.22417,-111.125
48.36139,-113.1236
47.04333,-112.7031
46.76472,-111.8861
46.97694,-113.8381
46.01833,-110.3308
47.70667,-104.1922
45.66722,-110.8069
46.83285,-112.702
47.12806,-111.9094
47.62167,-115.3903
47.06032,-114.0717
46.02962,-113.1198
45.0262,-106.8331
45.82285,-114.0125
45.9754,-112.4554
47.66724,-108.6873
46.76389,-110.7781
45.3705,-112.9707
34.6894,-77.2914
35.33975,-82.443
35.2483,-83.28265
36.3715,-76.29115
35.2256,-80.26915
36.09945,-80.7704
35.5311,-78.4048
35.18637,-78.63611
36.21335,-78.09365
35.91965,-80.6282
36.31625,-79.03025
35.4449,-80.0616
34.53784,-77.50434
35.6267,-81.5917
35.892,-82.829
35.998,-76.946
35.451,-82.287
35.618,-82.321
35.30773,-79.75644
35.75,-80.375
34.40434,-77.23759
36.0089,-77.90525
36.31126,-81.30889
35.88561,-81.92929
35.18083,-79.21278
35.85107,-82.05008
35.75278,-82.22121
34.50917,-77.53445
35.41939,-82.56715
35.94647,-81.03185
34.78052,-77.85507
34.5287,-79.26708
48.25422,-101.3166
47.72964,-102.701
47.71188,-101.8886
40.1399,-96.7432
42.76609,-97.97573
40.84792,-96.6824
41.134,-95.88
41.238,-95.92
41.55099,-98.22576
42.87331,-100.5501
42.5893,-103.398
43.41549,-72.33093
40.478,-74.4611
40.7446,-74.6215
40.8959,-74.2918
41.08335,-74.321
40.16465,-74.68135
40.9934,-74.3249
39.7962,-74.3749
39.60835,-74.43445
40.16471,-3706646
41.14652,-74.59959
40.8192,-74.85561
40.18478,-74.72261
41.01941,-74.57013
41.13498,-74.80315
39.70852,-75.38251
39.98216,-74.36187
33.27735,-105.7395
36.126,-108.87
35.98475,-106.8803
33.15405,-105.7947
35.63736,-108.8676
36.9934,-104.4801
36.72065,-107.3956
36.7474,-107.6021
36.39135,-109.0612
36.81315,-108.7608
35.58565,-107.9978
36.08089,-108.892
36.65339,-105.9678
35.37201,-108.2034
36.0605,-108.84
35.52162,-105.2526
39.29056,-119.6564
39.679,-119.6665
39.00056,-119.8458
37.8583,-118.325
42.6153,-77.4028
42.36176,-75.0116
42.1174,-75.64853
44.26646,-74.14589
43.34806,-78.23962
42.09785,-77.93121
41.5036,-73.7171
42.32921,-75.3811
43.19501,-78.54224
42.15947,-78.82683
42.28045,-77.60525
42.56379,-74.8865
43.22649,-78.3253
41.94512,-73.87915
43.27314,-76.89331
41.87219,-73.55858
43.46181,-74.23166
43.55915,-73.34116
40.98596,-81.11642
39.88653,-81.27132
39.58157,-82.36887
40.24354,-84.18491
40.15002,-83.02854
41.72134,-80.88494
40.36957,-80.77387
40.38609,-82.69884
39.92104,-83.95184
39.85461,-83.94906
39.86096,-83.96562
39.89216,-83.96123
40.77789,-81.25768
39.78594,-82.29162
40.70386,-80.58332
40.74065,-81.35575
41.2625,-84.38103
40.27488,-81.51749
39.40877,-81.73172
41.39803,-81.33974
40.4764,-82.80257
41.47349,-81.3726
38.73687,-83.39134
40.73412,-84.06565
40.82327,-82.32803
40.59935,-82.23988
41.30265,-81.30896
38.79833,-82.54968
38.79381,-82.55177
39.39935,-82.52238
39.46019,-81.54855
38.83859,-83.28128
41.81835,-80.93665
39.45789,-82.24257
40.76533,-80.55217
40.6807,-80.57164
39.28537,-81.85331
40.67979,-81.51075
39.74961,-84.09158
41.34728,-84.54476
39.89203,-83.00142
40.17699,-81.63656
39.37509,-84.79429
39.37215,-84.80138
41.7164,-81.1438
40.6445,-83.6118
41.5325,-81.1351
41.81902,-80.58163
40.39103,-80.6937
40.2831,-80.78826
40.00915,-82.67252
41.1174,-80.9835
39.17257,-83.26393
39.70042,-84.62567
40.61236,-82.48699
38.83628,-83.12873
40.74451,-81.0758
41.36755,-80.76735
39.38745,-81.67339
40.75872,-81.19895
38.79215,-82.93085
41.23638,-81.62379
40.04792,-83.5556
40.60787,-82.26236
39.10611,-83.0363
38.74899,-82.97854
39.64193,-82.1013
41.03,-82.0101
40.68935,-80.57593
39.90416,-81.98721
39.49695,-84.45905
40.77972,-80.64831
40.85035,-82.29486
39.3731,-81.65929
39.49265,-83.11422
39.54739,-81.39101
41.13356,-81.17155
40.92276,-82.44401
41.10765,-81.4311
40.80725,-84.21719
39.89172,-84.14493
39.4484,-82.2244
39.20212,-83.13585
39.74107,-82.70263
38.54852,-82.66616
41.06648,-81.96419
39.17029,-82.47604
39.14299,-82.41166
40.08946,-81.69818
40.05998,-82.28814
39.48219,-82.32669
40.7343,-81.15622
40.6559,-83.9374
40.54605,-81.26217
41.02572,-81.77677
41.06019,-81.79669
40.42591,-80.6616
41.44442,-81.20629
40.46339,-82.82576
41.42579,-80.89096
40.1218,-81.5117
39.92781,-81.61014
40.5896,-82.82214
39.96627,-83.51394
41.12012,-81.81317
41.57231,-81.22075
40.26494,-83.0556
40.50945,-82.87663
38.60551,-82.71107
40.71737,-81.18352
40.08159,-83.0337
41.29621,-81.5745
41.05304,-80.51186
40.10801,-81.56232
41.2584,-81.56255
38.81772,-83.80582
39.63662,-84.36874
41.09087,-80.77592
40.36831,-81.32809
40.95818,-80.97507
41.15384,-81.1124
38.9264,-82.14285
40.47672,-81.39331
41.81287,-80.95952
41.23739,-81.60576
40.28488,-81.58699
40.63606,-80.53528
40.04342,-84.04518
40.61286,-82.17295
41.5621,-81.22853
40.61286,-82.17295
40.10348,-81.50933
40.79438,-81.31219
40.01983,-81.07013
39.13595,-84.17227
40.01784,-80.93318
41.40985,-82.11172
40.92344,-80.84042
41.29247,-83.05098
40.94825,-80.69776
38.99484,-84.10731
34.29861,-96.30222
35.70166,-95.70208
33.89444,-96.75361
35.74111,-97.479
34.39639,-95.01167
34.44333,-94.65639
34.9575,-98.31556
34.61361,-94.84861
34.78833,-94.70667
34.495,-96.972
35.92806,-94.83
36.02306,-97.1225
35.50556,-98.575
34.86111,-96.66528
35.10278,-98.34056
35.64389,-97.45694
35.97389,-97.03333
34.59583,-94.55944
36.91528,-95.80417
35.86972,-96.968
35.27056,-95.97
35.33389,-98.13028
34.11306,-95.62278
35.26808,-96.60222
36.18889,-95.74556
35.27639,-97.33528
35.42014,-97.21555
34.689,-94.7325
35.7575,-95.60667
34.92333,-95.26167
35.24194,-97.5625
35.3011,-99.1702
33.82444,-97.07361
34.62944,-98.62833
34.81417,-95.65417
35.68583,-97.00389
35.36895,-95.97023
34.25,-96.21
34.36778,-94.68028
35.2933,-95.94727
36.62116,-96.12164
36.03501,-96.36707
34.21174,-96.63857
34.76134,-98.61497
36.4168,-94.78227
36.13222,-95.79677
34.4082,-94.38045
35.0271,-94.66875
34.38638,-98.99414
45.65125,-121.9123
45.63606,-123.3471
45.63893,-122.8889
45.06215,-123.7027
44.55505,-123.3604
45.4237,-122.3876
44.27795,-121.9524
45.5891,-123.5469
45.3233,-118.2742
45.59669,-123.3768
45.12545,-122.533
45.84175,-117.991
40.1,-124.2
45.99215,-118.0811
44.39104,-118.9491
45.5,-118.42
42.82,-124.53
45.48204,-122.9903
45.75449,-123.866
44.8633,-122.6397
42.07,-124.3
42.08,-124.3
45.3725,-121.5835
43.225,-123.175
43.54165,-123.875
45.33175,-121.9139
45.55364,-122.1884
42.375,-123.3833
45.3894,-122.4163
42.39031,-123.449
44.23861,-122.0505
44.58335,-123.4166
45.63923,-121.8735
45.46571,-118.875
44.19167,-123.975
44.42565,-121.726
45.9957,-118.1253
44.2157,-121.4755
43.5705,-121.8955
43.6165,-122.1
45.0608,-123.694
44.825,-118.415
45.0837,-122.4888
45.5145,-122.3352
42.8673,-122.1629
43.3029,-123.1611
42.24165,-123.6416
43.2547,-124.0598
42.6,-122.475
45.274,-121.6796
43.3622,-122.1814
43.08929,-122.0802
43.5251,-123.311
44.9723,-118.3692
44.8464,-121.1537
45.0018,-117.2022
45.5789,-118.6016
46.19945,-123.9513
43.9311,-124.1214
42.1533,-123.5381
46.2262,-124.0133
44.7679,-122.095
44.56625,-121.6384
42.354,-123.4034
43.31815,-122.1954
45.33,-121.9165
45.145,-123.972
42.28445,-124.2148
44.915,-122.585
45.6605,-118.5654
43.2073,-123.5585
42.02106,-123.2725
45.06881,-123.6956
45.31061,-121.8388
45.0295,-121.9584
44.95023,-122.2347
42.16024,-123.6216
45.8417,-121.7084
44.40946,-122.1322
43.48257,-121.9104
43,-124.43
45.43806,-118.0883
45.85606,-123.1691
41.7655,-77.8768
41.9548,-78.65621
40.05148,-79.56702
40.97015,-78.42314
40.357,-79.8765
41.91826,-80.54177
41.4065,-76.804
39.76366,-77.27178
40.5833,-79.9167
41.01865,-78.377
40.5258,-79.6575
40.6166,-80.0107
40.5278,-79.7668
40.4225,-75.06665
40.52825,-80.25475
40.37726,-75.37814
40.32247,-79.16817
41.115,-75.205
41.12782,-78.5826
41.97226,-78.66863
41.02176,-74.53322
40.1316,-74.85745
41.21365,-80.26563
41.05,-80.50751
41.51954,-78.87955
40.8495,-75.327
41.45,-71.5
41.432,-71.65183
41.98067,-71.6568
36.86345,-79.65835
34.59,-80.3891
33.72,-78.9211
32.98597,-81.61264
34.65375,-83.11639
33.007,-80.156
34.374,-80.074
34.52414,-82.38998
33.096,-80.316
33.245,-81.359
34.08725,-79.1246
34.53654,-81.70052
34.45025,-82.56786
34.9533,-81.56005
43.35851,-102.3971
43.4471,-101.7312
43.89875,-103.4966
43.37663,-99.1903
35.2597,-84.28315
35.537,-89.63499
35.11417,-86.465
36.09583,-89.48666
35.20416,-87.19556
35.94,-87.25375
35.1013,-84.3046
35.988,-86.5101
35.5559,-84.0475
36.12318,-87.38542
35.18597,-84.48414
35.3538,-84.0458
35.6753,-86.7074
35.68449,-83.53575
35.10615,-86.46987
36.1124,-87.4769
35.4745,-83.3032
36.26451,-89.25397
36.30155,-86.60155
36.5802,-86.5104
36.19746,-84.66167
36.25466,-86.15759
35.5506,-4319942
35.97231,-84.88466
35.30146,-85.07263
36.15588,-82.38587
32.7,-98.03333
36,-100.5
32.13972,-95.32
31.30853,-94.76362
32.15,-97.5
32.7943,-95.5425
30.75,-95.37666
30.61667,-95.52722
32.58125,-94.86958
33.29083,-97.8375
31.90791,-95.01264
33.48028,-97.04361
32.68,-94.3
31.35833,-95.48833
31.11611,-98.055
30.23333,-95.60834
31.27278,-102.6922
30.73861,-94.89778
33.67056,-95.06667
33.64555,-95.16028
31.91708,-94.63458
33.16972,-99.18778
30.52361,-95.58334
33.48,-95.76861
32.57306,-95.80556
32.27444,-94.965
30.77722,-103.7439
33.13333,-98.35
33.845,-95.19722
32.68945,-94.59222
33.46333,-95.8775
32.17194,-97.54944
32.35306,-94.90528
30.775,-94.41528
33.26222,-95.82056
32.94722,-96.10222
32.04361,-94.37444
31.06278,-102.3881
33.19944,-96.00306
32.33528,-94.7375
33.69,-96.84806
33.82083,-95.83639
31.45417,-100.4161
33.61666,-95.90694
33.71472,-96.78917
33.28333,-94.35722
32.8,-94.16666
33.66666,-95.27361
32.62194,-94.2
32.62389,-94.52
32.58333,-94.15
32.69028,-95.61056
30.26667,-94.85
30.38667,-98.08611
32.05806,-94.2
30.26861,-94.79333
30.10305,-94.82
30.08333,-94.86667
32.51667,-94.9
33.07639,-94.25694
29.88528,-94.83334
30.475,-95.09167
29.17805,-96.29222
29.38333,-96.25
29.02611,-96.71
32.24083,-101.3903
30.72028,-93.61667
32.18333,-95.21667
32.78611,-97.83334
30.41667,-94.86667
32.01667,-94.68333
33.03333,-94.72334
32.16139,-95.6
32.01083,-94.14306
30.01667,-94.85
28.97944,-96.01666
30.6,-95.63
30.40833,-95.00833
30.41667,-93.94
30.63333,-95.3
30.31667,-95.32
32.04417,-98.09234
30.71139,-94.70139
33.09625,-94.32139
30.3343,-95.28653
33.77528,-97.05903
31.0232,-94.47903
30.83315,-93.972
30.8,-93.7
32.8269,-98.3298
31.6212,-95.6669
32.85232,-95.46671
33.36867,-95.23958
31.1683,-95.59745
30.12615,-93.8117
34.93243,-101.667
29.56835,-98.68465
31.82347,-95.37101
30.302,-95.10654
31.2371,-94.45095
31.93425,-96.12524
30.43703,-95.12381
32.375,-96.63
32.36,-96.66
30.31363,-95.17966
32.19202,-95.35257
32.675,-97.61
32.675,-97.61
32.24271,-95.12872
29.32862,-97.77225
29.52533,-98.15854
33.675,-98.225
30.40335,-97.2836
33.275,-98.325
35.93985,-100.6767
31.55668,-95.38226
32.31565,-95.48672
31.86794,-94.95061
30.51559,-97.67403
37.8058,-111.3481
40.3857,-111.6992
40.028,-110.9315
41.5,-111.75
40.5,-109.9
38.225,-112.35
41.43135,-111.4988
38,-112.5
40.0445,-111.5447
41.5343,-111.5281
40.92128,-111.0837
40.86765,-109.5143
37.182,-113.7382
41.7086,-112.0179
41.96181,-111.5333
40.91689,-111.8038
38.52019,-77.36115
38.05408,-79.77946
37.29854,-80.82856
38.36911,-78.53718
37.02759,-80.38748
37.22647,-81.09017
37.2423,-80.13276
37.72693,-76.6658
38.02516,-77.97089
36.63931,-78.55758
37.585,-79.052
37.06266,-79.82829
37.44378,-77.6257
36.74465,-80.98215
37.54,-79.57
37.3557,-80.5378
38.741,-77.23238
36.745,-80.48
38.73048,-78.33453
37.047,-77.90815
38.9766,-78.6205
38.48342,-77.34673
36.5587,-79.36079
39.14588,-77.67422
36.62492,-81.48593
37.248,-77.354
38.98773,-78.20517
38.90323,-78.48832
37.38661,-79.55045
35.8525,-80.6585
36.9846,-80.3755
43.4654,-72.7051
46.05333,-122.6228
47.3178,-121.2802
47.0274,-122.3003
46.295,-121.5478
48.65528,-117.7619
48.1609,-124.7312
45.8581,-122.4089
46.37944,-117.9458
46.48917,-117.9592
46.1903,-123.1175
47.7079,-122.9179
46.9782,-123.3893
47.425,-121.4142
47.33694,-123.5894
47.2475,-123.8886
45.81611,-121.5708
47.8925,-122.0111
46.7818,-123.8793
47.9261,-123.3769
48.78389,-117.8106
47.41306,-123.8792
47.0033,-123.4822
47.2831,-121.9258
47.29944,-122.1806
47.1826,-121.7713
47.5279,-122.3454
47.7613,-122.7063
45.75806,-121.2303
47.1305,-123.0966
48.0985,-123.3261
48.0028,-121.9572
47.27667,-122.8858
48.75528,-117.4214
48.74111,-117.4161
48.65083,-117.3347
46.94913,-122.6869
47.01278,-121.4642
47.3704,-122.782
46.94917,-122.6869
46.71833,-122.1767
47.01278,-121.4642
48.36861,-122.2778
45.66194,-122.0144
46.385,-122.1379
46.27583,-122.2083
46.15194,-122.1572
45.62778,-122.0194
45.74639,-122.2375
48.2475,-121.9425
48.11556,-122.0958
48.1472,-121.3819
47.9817,-122.0447
47.7853,-121.6647
46.803,-122.4133
46.985,-122.7669
46.9974,-122.1694
46.71444,-120.6694
46.97944,-121.0939
46.24639,-120.8681
45.69833,-121.7753
48.21167,-121.6769
47.93722,-123.82
47.1772,-122.1852
47.2416,-122.1833
48.8178,-122.1656
46.5672,-122.2963
46.55861,-122.2739
46.55861,-122.2739
46.5579,-122.2988
47.4549,-122.2825
48.1278,-121.7692
48.36361,-120.1211
46.23361,-119.3172
46.61583,-122.4369
48.2681,-121.3314
47.35305,-120.2955
46.03944,-118.0711
46.0675,-118.0519
46.9382,-122.382
46.9705,-123.6288
48.95835,-119.7084
45.7811,-122.5322
46.0722,-121.3055
48.5149,-121.2543
47.3338,-121.2309
46.67111,-121.5863
46.96515,-122.69
46.766,-122.1652
47.0466,-121.51
48.86,-121.6738
46.3261,-122.4988
47.6068,-121.9008
46.1911,-123.1875
46.3758,-122.5855
46.7002,-122.1983
47.0183,-121.5344
47.6181,-121.3114
46.6622,-122.9627
45.8083,-121.9063
46.3105,-122.028
48.53944,-121.745
47.288,-121.9658
46.5347,-122.4275
47.8306,-123.2135
47.0019,-121.6279
46.67389,-121.5867
46.6711,-121.5863
45.9358,-120.9855
48.76075,-122.2156
46.33425,-123.5439
48.83558,-117.2776
47.94056,-122.7919
46.4984,-120.4474
46.35639,-123.6081
45.8331,-122.3985
47.4259,-123.8763
46.80505,-121.0909
47.4028,-123.2022
47.8573,-121.6352
46.0471,-122.8294
46.0573,-117.9793
47.763,-122.5344
46.81045,-124.072
47.39,-122.2187
46.3105,-121.9256
45.8911,-122.4076
47.87725,-121.8943
47.0958,-122.2356
48.68985,-122.4078
46.05,-121.95
47.62769,-117.3606
47.485,-121.5287
43.74251,-121.6009
47.18556,-122.2917
48.321,-120.0745
47.79,-122.54
47.28069,-122.8833
46.98621,-123.8161
48.35552,-121.8668
45.74715,-122.2339
47.14385,-122.3055
47.3631,-123.9718
47.7393,-121.9749
48.19923,-120.7772
47.74897,-122.4966
48.32956,-119.187
46.84565,-122.3076
47.45411,-122.3219
47.01562,-122.0282
48.9588,-119.7085
48.39936,-122.645
46.60207,-123.3749
47.00625,-123.2902
48.31199,-120.6599
46.52352,-122.3045
46.67816,-121.5763
47.49865,-123.2182
46.98278,-123.1742
46.75468,-122.1183
47.4506,-122.3234
47.50319,-123.8343
47.75034,-122.1979
47.43534,-121.7666
46.4205,-123.8165
47.48176,-121.6548
46.85,-121.25
46.94102,-123.7727
47.13485,-121.9418
47.70178,-121.1859
46.2965,-122.3431
47.57576,-121.7427
46.84748,-122.2719
45.90052,-122.3898
48.308,-122.215
48.32675,-121.6962
47.17295,-122.2214
47.12045,-121.5298
46.88234,-122.4331
46.63477,-122.7746
45.96112,-121.6314
48.08955,-123.3678
47.10637,-122.5958
48.92928,-122.2638
46.78571,-122.7515
47.94001,-124.3863
45.86883,-121.4813
48.03114,-121.6708
46.53686,-122.202
47.08824,-123.7194
47.05072,-122.4212
48.05305,-121.429
47.09762,-122.5368
48.10255,-122.2763
48.11308,-122.1375
48.00503,-122.911
47.78212,-122.528
45.63921,-121.9883
47.064,-122.3482
47.0562,-124.0556
48.93228,-121.9995
48.09853,-121.8135
46.77641,-121.9557
47.1902,-120.9783
47.41184,-123.3212
48.6254,-118.4262
48.57028,-119.8345
48.03062,-117.5429
47.34805,-122.741
47.07405,-122.4428
48.93221,-118.609
46.43362,-121.8326
47.77559,-120.8206
47.20113,-121.0161
47.82243,-124.195
48.52395,-121.4105
46.47816,-121.9103
47.96136,-118.1611
48.92982,-122.2018
44.8491,-88.51969
45.5,-91.71295
44.6543,-90.0411
45.89832,-89.6965
45.33418,-88.16359
45.78177,-90.51659
45.22849,-89.67523
45.56326,-88.7829
45.7743,-90.51145
45.5051,-89.16425
45.775,-90.444
45.1097,-92.4573
44.3801,-90.7221
45.0902,-89.9905
44.4049,-91.3171
46.10445,-91.49319
45.73271,-90.42001
45.02046,-87.73608
44.75668,-92.03925
45.64867,-88.03413
45.672,-90.43515
45.3865,-87.9604
45.58858,-91.59938
45.05855,-89.08323
43.0625,-89.3179
45.15,-87.6779
45.64585,-88.0896
45.63061,-92.12408
39.52122,-80.37878
39.54114,-80.11329
38.87813,-79.3434
38.95242,-79.42547
38.12764,-82.59822
38.32548,-80.60419
39.21833,-81.16211
39.0417,-79.43762
40.1333,-80.68192
39.01972,-81.85806
37.6541,-80.7582
38.6685,-80.03149
37.58135,-81.29745
39.5392,-77.9407
39.6995,-79.5375
38.2128,-81.70641
38.35727,-82.59348
39.5226,-78.49429
39.03496,-79.95418
37.32091,-81.1271
37.5313,-80.01335
38.835,-79.3762
38.33109,-80.51374
38.835,-79.3686
38.8926,-79.47325
38.8409,-79.4016
37.50965,-80.64685
39.335,-78.94501
38.2383,-81.5722
37.7,-81.095
39.26188,-79.01405
37.7929,-80.9075
37.9937,-80.3616
37.445,-80.17
37.2875,-81.68124
39.20278,-79625
39.10023,-79.4593
38.16391,-82.28279
37.9208,-80.71875
39.1611,-80.23375
38.98,-80.27
38.1882,-80.1177
38.2639,-81.4625
38.0695,-81.08506
38.35806,-82.43855
38.12852,-80.6754
38.8609,-79.55928
38.44367,-79.1347
38.2845,-80.6385
44.50132,-110.0042
44.45584,-109.7935
44.49817,-109.6824
44.48134,-109.5113
46.79165,-110.4165
46.79165,-110.4165
44.58333,-110.5
41.25,-111.05
41.2,-110.5
42.9919,-108.9245
69.5,-156.75
61.09085,-149.7667
55.4555,-132.7333
57.7566,-155.981
63.98869,-142.7691
33.7065,-85.57415
33.48665,-85.8175
32.4456,-86.5653
31.29,-86.255
33.00014,-86.00004
33.6332,-86.2952
31.85,-85.925
34.73139,-86.97057
31.99,-87.29
30.47612,-88.34223
32.6825,-85.2222
32.67715,-85.21545
33.1,-86.86
31.35,-85.7075
33.46345,-85.87055
31.20325,-87.5047
34.55946,-86.59747
34.8986,-87.95277
31.30503,-85.61766
33.20837,-87.28992
34.56327,-85.79889
34.04129,-85.86473
33.12572,-85.49103
33.89236,-87.3775
31.809,-87.56807
34.24174,-85.08995
33.24084,-85.7894
36.37139,-92.25139
35.14639,-90.18444
33.31194,-93.8417
36.25639,-94.07806
36.34389,-93.76
34.52473,-92.70348
34.47,-92.58
35.8019,-92.943
34.39,-93.23111
36.36,-92.55472
35.77,-92.44583
36.13361,-93.94389
35.1759,-94.0679
35.07,-91.97
34.31611,-93.17056
35.69958,-91.51528
34.97181,-90.95902
35.06144,-93.45042
35.15193,-93.42848
33.94073,-94.09966
34.56384,-92.22704
34.08204,-94.3457
33.40425,-91.48295
34.92684,-92.30753
36.154,-91.09
36.1655,-93.5515
35.55535,-93.1716
34.4274,-110.9986
34.96295,-111.5228
32.65,-110.175
35.1394,-111.6259
33.9,-109.355
35.97,-109.155
34.7706,-111.8907
34.33335,-110.9583
36.28,-109.14
34.7,-112.05
36.4,-112
34.475,-111.08
35.09,-111.7
36.74,-112.19
34.425,-111.375
34.35,-110.98
34.34,-110.9725
35.3,-111.675
34.27139,-110.0632
34.375,-111.4925
34.575,-111.4
35.33069,-111.7101
31.63,-110.177
33.825,-110.925
36.3431,-112.0934
34.45,-112.53
32.7071,-109.9643
34.0425,-110.4829
36.225,-109.11
34.55,-113.46
34.275,-110.85
36.65,-112.24
34.515,-111.375
34.43951,-111.0946
32.70631,-109.9134
32.70722,-109.9648
34.24228,-110.5712
32.42445,-109.5601
33.988,-109.7452
34.67245,-111.7099
35.30685,-111.7141
34.43542,-111.3164
41.72278,-120.3292
41.16,-123.9
38.14167,-119.7111
39.01917,-120.8275
38.30056,-120.7053
37.89917,-119.9997
35.75472,-118.4244
37.23667,-119.2386
41.8607,-123.793
38.23243,-119.984
38.29116,-119.7275
38.19753,-119.9811
38.31722,-119.7489
39.94278,-121.0158
41.48722,-120.5414
38.1625,-120.0522
38.1625,-120.0522
38.19833,-120.0083
39.02028,-120.8169
38.05141,-120.0508
40.4925,-121.8881
38.19753,-119.9811
41.30056,-124.0644
37.65028,-118.9592
38.27194,-120.2867
38.07584,-120.1039
38.05,-120.2667
37.78861,-119.0736
36.22306,-118.6744
39.30056,-120.6672
37.33694,-119.0139
38.90222,-121.0803
40.58667,-122.3906
38.9575,-120.0914
38.9575,-120.0914
41.37861,-123.7481
38.45861,-120.0397
40.53806,-121.7314
38.18389,-120.1547
38.24805,-119.9924
39.26167,-121.015
39.44583,-123.8042
36.10556,-118.5272
39.64306,-121.2733
37.07944,-118.9689
37.69639,-119.4275
38.46472,-120.0389
40.94083,-123.6283
35.56805,-118.6078
33.7655,-116.7078
41.75611,-124.2006
35.51222,-118.3356
37.23167,-119.235
38.20444,-120.3689
38.32417,-119.7519
41.31917,-123.1778
38.77778,-119.8208
38.99778,-120.2392
38.31944,-120.2603
40.0625,-123.2208
35.44986,-118.5821
38.76139,-120.5856
36.4525,-118.6092
40.20556,-123.4908
38.51639,-123.24
37.81269,-119.8609
40.98333,-122.6986
39.08,-121.42
38.03305,-120.2636
39.11167,-120.4683
38.77778,-119.8208
39.5575,-120.8294
41.23528,-123.6581
38.2395,-119.8792
40.9913,-122.8719
39.21667,-120.8983
41.72944,-122.6361
40.755,-122.33
38.25472,-120.3536
41.28694,-124.0586
38.4775,-120.0047
38.415,-122.585
38.71806,-120.5619
39.83,-123.115
40.88,-121.675
37.2725,-118.9656
39.53722,-121.4822
38.39917,-120.5264
39.55249,-121.5027
38.75,-122.7
38.45799,-120.0491
39.25,-123.15
37.83074,-119.4626
36.05361,-118.5347
40.85,-123.7
38.96,-120.0969
38.91185,-120.5764
37.2804,-118.9614
36.1894,-118.1729
38.9037,-120.6049
38.6167,-119.9501
35.2673,-118.9591
34.60665,-120.0023
37.4583,-120.0833
41.25,-123.6667
40.4999,-121.9167
38.29165,-119.54
41.8111,-123.375
40.75,-122.1675
34.25,-118.225
34.2802,-117.8333
40.43298,-120.7413
39.374,-120.914
38.23475,-120.1862
39.0833,-120.1666
40.8833,-122.2333
40.3,-124.2
39.06583,-123.4439
38.3958,-119.801
39.41546,-120.4187
37.055,-121.845
38.015,-120.245
37.1303,-118.9386
37.28675,-118.8741
38.20835,-120.0416
36.1999,-118.1666
37.5999,-119
37.90613,-119.2481
38.80435,-120.0825
37.15889,-118.3743
38.95285,-121.0479
41.23598,-123.292
35.7,-117.9667
36.07081,-118.2084
37.76666,-118.5333
38.17625,-119.864
40.35259,-124.0101
38.09832,-120.0397
33.66675,-116.7
38.375,-120.125
34.04165,-117.0416
38.04165,-119.2167
35.5803,-118.3804
35.95835,-118.375
41.84998,-124.1417
35.17748,-118.625
38.03917,-120.0459
33.81678,-116.6329
40.8333,-122.6417
34.2556,-116.7944
41.1139,-122.7
34.66363,-118.4538
35.12931,-118.3302
37.79337,-119.118
32.81075,-116.4208
40.5835,-122.553
35.84503,-118.6331
38.77386,-120.4036
38.04679,-119.2654
33.32237,-116.8782
34.33843,-117.1776
40.7729,-122.1024
37.17004,-118.5391
55.3,-119.9
54.88394,-112.6921
53.53485,-119.2044
55.404,-119.152
50.7,-112.76
49.9818,-112.9413
54.27101,-113.4698
51.03149,-114.7982
51.35316,-115.0964
54.7,-117.18
51.20306,-114.7861
53.13605,-117.7728
50.55219,-115.0944
51.03202,-115.09
52.78074,-116.3651
50.81168,-114.7829
52.83539,-118.1561
49.70889,-125.2581
49.5368,-125.1676
50.50041,-116.1386
53.24,-120.105
53.53125,-124.2721
49.25,-121.8
50.09222,-125.5634
49.82221,-117.0654
49.2605,-121.85
50.7395,-120.1173
58.5,-122.5
49.69263,-119.7497
51.3,-116.96
50.61847,-119.0812
51.26903,-116.1654
49.72417,-122.7746
49.53,-123.84
50.99847,-121.6101
50.03625,-119.5143
50.24532,-118.7652
48.87097,-123.9035
50.05149,-120.966
49.32014,-121.6064
50.42139,-119.0626
56.54958,-129.4015
49.48486,-122.3269
49.53402,-121.3222
43.27355,-119.5089
55.9027,-120.6502
49.58458,-125.4051
50.94152,-121.8785
49.0489,-123.8713
50.57889,-117.8775
49.84818,-122.2674
50.2368,-124.4165
49.15235,-121.589
50.35025,-119.2018
49.07165,-125.4736
49.13644,-121.2607
49.16795,-121.6495
50.15078,-118.7952
50.3715,-118.8412
49.1497,-124.1526
48.7305,-124.1744
50.46674,-119.5504
54.78464,-127.1616
50.58378,-118.1976
49.06165,-121.323
50.15531,-122.3104
49.5298,-124.8627
50.47305,-125.8811
49.5828,-124.7914
50.06295,-100.8188
50.92345,-95.33125
50.07,-95.276
50.85595,-95.41525
53.687,-101.5205
49.7905,-100.069
44.89409,-63.83683
44.90046,-63.84574
44.1028,-77.52356
48.78009,-88.60707
48.60873,-93.33372
46.30688,-79.40278
46.29871,-83.70184
45.33788,-75.98326
47.05556,-79.72499
44.77658,-76.06987
49.77521,-92.76801
45.50396,-78.90285
47.5889,-84.68153
47.98577,-84.71373
44.1664,-78.4529
45.65532,-78.93061
48.6055,-90.44405
44.37775,-80.60455
44.70596,-76.91354
48.3766,-89.30945
45.61785,-78.92731
48.0715,-91.41945
46.10293,-83.47763
48.57605,-89.2351
44.6925,-76.3948
44.81678,-76.43772
57.81,-69.55
45.737,-76.601
47.38115,-78.64526
45.95625,-76.85125
49.75,-110.13
52.94971,-106.0525
54.31648,-107.7171
53.7312,-105.8799
52.60837,-103.9236
62.0875,-136.2924
38.48959,-107.7
37.1137,-106.3681
39.2026,-106.1143
40.025,-105.4458
37.19583,-107.1771
38.93333,-105.4917
39.4627,-106.6035
38.60124,-106.3466
39.40305,-105.8226
38.71225,-105.1744
38.9,-105.3812
38.90833,-107.575
39.20834,-106.0417
38.71145,-105.0354
39.225,-106.3625
39.3045,-106.171
39.0621,-105.0138
37.70835,-107.9584
37.4125,-108.1292
37.38334,-107.4667
40.55415,-106.7084
39.4455,-105.0787
39.29325,-106.1215
40.00385,-107.4381
37.89225,-107.1971
39.01577,-106.7522
40.277,-107.8708
40.4805,-106.7682
37.3199,-106.3325
38.9969,-108.1098
37.2362,-106.541
39.879,-106.6735
37.26505,-106.4745
39.15735,-106.4213
37.33815,-107.501
38.91,-105.275
37.56055,-105.2869
38.68775,-105.047
40.33838,-105.5728
38.77741,-105.9111
39.52701,-105.4147
40.3105,-105.812
39.4191,-105.7065
41.51105,-72.46315
41.86425,-73.00099
41.68669,-73.35194
41.38609,-72.30142
41.38695,-71.95564
41.82935,-73.15157
41.95082,-72.99536
42.00356,-73.32587
38.88665,-75.3793
38.71,-75.36536
38.676,-75.18375
29.10855,-82.75685
28.76465,-82.42065
29.01175,-82.03495
28.9935,-80.933
28.662,-81.31985
25.782,-81.07385
29.08405,-81.59005
28.021,-81.8642
25.4817,-80.5158
26.28585,-80.17845
28.98195,-80.86715
25.84875,-81.3142
27.9664,-81.95285
29.12915,-81.63025
30.32305,-85.4427
26.6685,-81.8768
30.0771,-81.39806
28.41655,-82.1426
29.1299,-82.58765
29.8398,-85.0681
27.1788,-82.20475
27.84434,-81.30249
26.6878,-81.6143
31.00009,-87.00008
29.0765,-81.8945
29.29063,-81.08198
29.7788,-81.45421
28.555,-82.055
29.04865,-81.4692
26.529,-81.6455
30.28881,-85.64108
26.09729,-81.71505
27.35644,-80.96515
28.917,-81.898
28.966,-81.649
30.993,-85.97701
26.0645,-81.3615
30.2637,-81.49433
27.8565,-81.8995
25.86895,-81.1498
28.5465,-81.5545
26.1699,-80.98849
27.9013,-81.58581
26.28516,-80.27977
27.445,-82.391
30.10534,-81.89438
27.928,-82.124
25.953,-81.356
29.3396,-81.0834
28.99487,-81.78879
26.7621,-81.8539
26.283,-81.2521
30.26682,-82.87125
30.08341,-85.11039
30.03042,-81.90182
30.31709,-82.8436
28.54028,-82.11083
25.901,-81.303
28.80455,-81.45354
30.79,-85.685
30.07067,-82.38086
28.63434,-81.14076
25.19935,-80.87379
30.90529,-86.68372
30.0461,-81.9347
29.56871,-82.05391
30.75,-86.65
28.48106,-81.11927
29.77291,-81.8592
26.91319,-80.48412
30.43412,-82.28943
30.59612,-83.649
30.25389,-81.8992
30.9725,-87.265
29.95301,-82.0125
27.07842,-81.99105
29.22079,-81.80539
30.11597,-83.89289
28.84542,-82.20726
28.90854,-82.34611
29.28942,-82.92592
30.0809,-81.7624
28.98491,-81.43248
29.4076,-81.12167
29.32605,-82.61581
26.1875,-81.69245
30.55044,-83.48494
28.36168,-82.11937
29.94974,-82.15501
30.13156,-82.96643
29.41889,-81.13924
28.40593,-81.5547
25.889,-81.3215
26.91675,-81.96517
29.47529,-81.78307
28.91605,-81.32394
28.13136,-81.00677
30.36186,-81.41444
28.97672,-81.23386
29.4694,-82.71979
29.74815,-82.44075
28.56308,-81.03185
28.54293,-80.94411
28.45786,-82.04508
26.9807,-80.31353
25.73951,-80.48021
28.94296,-81.97549
27.10589,-82.30699
28.11468,-81.35342
26.03808,-81.64948
29.96828,-81.4048
30.62555,-86.54302
27.34928,-81.03941
28.96416,-81.21989
27.93531,-81.87347
28.45247,-81.01299
28.525,-81.95499
28.12565,-81.02086
28.29324,-82.35606
30.46805,-85.4937
28.69205,-81.7089
28.8555,-81.306
26.83656,-80.18501
27.45883,-80.79379
28.05144,-81.51359
29.97454,-81.55172
29.07718,-82.74918
28.20249,-81.45163
30.1766,-85.8055
28.55359,-82.63696
27.93991,-81.67247
27.40743,-82.12901
28.12479,-82.23728
34.0474,-84.68864
34.1226,-84.7038
34.1088,-84.6971
33.97005,-84.20175
32.0321,-84.43484
34.66005,-85.4034
34.36725,-84.57616
31.9621,-81.88995
33.4119,-82.13665
34.1962,-84.50055
34.77525,-85.3297
31.98125,-80.89485
34.66029,-85.39171
32.34705,-82.2464
34.7064,-83.8329
32.80865,-84.25755
34.69895,-85.34145
34.66255,-83.76585
33.81283,-84.80283
31.0614,-83.07575
34.37537,-83.77232
33.9844,-85.3582
31.2137,-82.77173
34.71425,-83.62215
34.4447,-83.59509
32.13781,-81.34159
33.81461,-85.15337
31.55762,-81.47213
34.8983,-84.6216
33.89761,-82.4975
34.4826,-85.10299
34.6527,-84.0354
34.78035,-83.78375
31.30062,-84.02254
34.94325,-83.18237
34.70107,-83.6746
33.796,-84.79601
31.30952,-82.74675
30.79456,-84.78122
34.17769,-85.19659
31.85605,-83.57655
34.62689,-85.42266
34.06787,-84.79704
34.70157,-83.45181
31.62608,-84.16016
33.95003,-85.35133
32.74985,-82.24796
34.81182,-84.3453
31.71434,-84.60457
33.09184,-83.69681
33.91604,-85.01929
32.39858,-82.30919
41.48453,-96.01464
40.4415,-91.4261
42.9074,-94.3841
41.02174,-92.73979
42.55576,-96.47562
41.65225,-90.59601
45.8618,-91.75641
40.8348,-93.85965
41.76392,-90.55585
41.76292,-91.59415
43.32922,-92.06343
42.6766,-94.20245
41.7822,-91.57033
42.50969,-90.84215
43.47104,-95.12505
42.10722,-94.01338
43.00499,-91.17154
42.23576,-94.91264
40.66972,-95.68422
42.51633,-91.96428
43.19481,-92.15997
46.2404,-115.2088
43.79615,-113.8441
44.14765,-114.9221
44.2548,-112.6467
48.15585,-116.1842
47.0615,-116.322
47.85001,-116.6079
44.14555,-115.3106
45.16792,-115.8405
44.9625,-114.655
43.61015,-111.4418
48.25206,-116.0969
47.6835,-116.211
48.33,-116.71
44.9166,-116.4873
42.35635,-111.5212
44.35978,-115.8596
48.74915,-116.8415
44.62801,-115.2019
48.43676,-116.9137
44.64824,-115.6803
42.10072,-112.2149
48.75694,-116.7338
43.86739,-111.8617
45.2704,-113.8186
39.115,-89.952
40.3752,-91.3883
37.5,-88.3461
38.04813,-89.30435
37.1142,-89.1979
40.04505,-90.1498
38.94564,-87.97622
41.86395,-89.34285
42.075,-88.53872
40.61,-89.585
41.6,-90.1
37.63,-88.55
37.61404,-88.50061
41.625,-88.4375
37.61095,-88.9319
40.1527,-87.7424
37.72735,-88.9487
39,-89
38.0985,-89.4205
37.78048,-89.45728
37.52127,-88.65912
37.228,-88.7476
42.17577,-88.09506
40.65639,-89.04518
38.90123,-89.80123
40.63267,-90.28404
41.90703,-89.41539
40.82944,-89.73378
39.65749,-89.56981
41.63243,-87.76622
40.5634,-89.95824
41.89011,-88.18031
40.63281,-89.99568
37.2276,-88.7584
39.75616,-88.62624
42.1551,-88.2886
39.66676,-89.68079
39.6395,-89.66525
41.207,-88.01345
40.8365,-89.599
41.63243,-87.76622
39.02775,-90.4049
40,-90
38.9241,-89.53419
38.74784,-90.14547
39.62,-89.6845
40.1348,-90.6757
41.73534,-90.22054
39.09109,-87.80624
38.3778,-88.07554
41.26155,-89.03049
38.18881,-88.83003
41.63039,-87.86476
37.92017,-88.98228
40.82546,-88.50196
41.29077,-88.66103
40.48724,-90.19624
39.40458,-87.7313
39.73333,-89.61281
39.1633,-90.68208
41.53346,-87.75156
38.74784,-90.14547
37.61335,-89.15173
37.18404,-89.36896
41.96925,-89.38184
40.55179,-90.7771
39.83627,-89.65926
37.68393,-89.48825
40.45428,-90.78947
39.74652,-90.17844
41.4811,-87.5321
38.09052,-90.06338
38.92993,-90.53175
39.34657,-90.1173
38.87531,-87.90503
38.893,-87.869
41.63289,-87.79683
41.7173,-87.8617
39.3047,-90.0775
39.2038,-89.9758
39.8352,-88.47835
41.67433,-87.84415
41.7627,-87.7714
38.76417,-87.60555
40.61182,-90.01651
38.27372,-89.21439
38.4335,-89.7915
38.4326,-89.79143
41.53887,-87.62597
40.09169,-87.71541
41.02524,-89.45454
38.66736,-89.87602
38.74625,-89.8774
37.9506,-88.3012
40.9847,-86.911
38.4191,-86.23506
38.43235,-86.19055
39.2152,-86.05825
38.1579,-87.41805
40.7219,-85.5045
39.06565,-85.01295
38.73725,-85.84489
39.74356,-86.81714
39.72848,-86.93636
39.9347,-87.08955
40.38335,-87.0796
39.98705,-85.3149
40.74765,-85.57069
39.02502,-86.49139
38.39027,-85.95914
39.04744,-86.38894
39.3804,-86.4324
38.02847,-85.57882
39.17909,-86.3356
37.44208,-95.35479
37.641,-98.12825
37.7715,-97.424
37.7684,-94.97862
37.4253,-94.7844
39.3716,-94.9
39.1441,-95.488
39.06381,-95.74633
38.76635,-95.70296
38.37558,-97.58336
39.14519,-96.35309
37.3901,-97.56253
38.1814,-97.56185
39.3985,-94.4955
38.5735,-94.477
38.176,-95.3465
37.274,-94.93115
37.2402,-87.40585
38.33885,-82.89059
38.14415,-85.89175
38.16205,-82.643
37.2731,-83.49205
37.41098,-85.26247
37.49993,-82.353
37.1496,-86.0163
37.28205,-83.21735
37.3817,-86.1358
37.689,-85.359
38.53082,-82.70584
36.772,-86.1425
37.7755,-85.67188
37.83438,-83.69043
36.89771,-83.16293
37.19822,-82.81679
38.63813,-85.00044
37.65805,-83.79678
37.3141,-87.64487
37.22604,-82.74595
38.11509,-82.70393
36.88494,-82.89404
37.31413,-82.13403
38.03338,-82.44214
36.8817,-84.0821
38.33527,-83.41575
37.55379,-86.35931
38.25861,-85.03827
38.24361,-85.03827
38.73854,-84.63702
36.8066,-86.5549
36.91533,-86.73543
36.40406,-84.23711
37.30984,-84.20422
38.05344,-82.5446
37.53918,-83.46014
36.92799,-88.12511
38.0311,-83.1815
38.195,-82.868
30.8346,-92.64896
32.4197,-93.4386
30.96745,-91.0955
30.509,-90.6763
32.45763,-93.36627
31.08774,-91.84467
30.85052,-89.81163
31.41787,-92.28034
31.368,-92.422
42.12697,-70.97559
41.73125,-70.48792
42.17865,-70.75587
41.60551,-70.97708
41.83664,-70.89049
42.54334,-71.80123
42.08179,-72.82665
42.12302,-72.89154
42.64809,-72.91994
42.34607,-73.16418
41.85164,-70.95207
42.34607,-36588780
42.08354,-73.47686
42.63678,-73.16617
42.08363,-71.83971
42.07867,-73.38644
42.36689,-73.18228
39.01142,-76.53862
39.21564,-77.4608
38.81639,-76.54514
39.11378,-76.811
38.63295,-75.80465
39.64819,-78.32549
39.6946,-76.6691
39.06392,-77.2948
46.1333,-68.8405
44.6908,-69.3614
43.6676,-70.6235
45.04705,-70.99485
43.2045,-70.81187
46.71195,-85.38834
42.285,-83.59014
47.232,-88.16361
46.52889,-85.49639
46.87111,-89.31389
46.01278,-86.81917
41.79639,-84.4587
44.6375,-83.51418
43.103,-86.075
42.0288,-86.5153
44.82167,-84.47611
42.15965,-83.55718
42.36639,-83.86097
43.60667,-85.27652
44.64535,-85.77714
41.80832,-84.20835
44.53665,-84.16389
44.5976,-86.09081
44.4887,-85.93575
46.34445,-87.3459
45.9796,-86.0221
44.091,-86.42896
42.4637,-85.95915
46.52545,-87.5034
46.4722,-86.5367
46.159,-86.611
46.2803,-88.7751
41.80205,-85.84005
44.56215,-83.78585
45.33075,-85.23538
42.2375,-83.67
44.45835,-85.6667
41.77945,-85.99374
44.16985,-85.63835
44.62,-83.62335
44.34035,-84.00156
42.43235,-84.2915
44.66666,-85.79052
46.35503,-86.97
43.2725,-85.2515
46.10294,-88.45181
44.98276,-83.84937
44.1708,-86.10335
45.1365,-83.5175
44.398,-84.4445
43.4245,-86.353
43.857,-85.30701
43.83165,-84.41335
44.685,-85.433
43.689,-86.376
44.2055,-83.95399
45.0635,-83.9205
43.577,-85.293
43.153,-85.5995
42.19,-86.36
41.972,-83.3595
43.265,-84.94099
44.377,-84.4995
43.5345,-86.29
44.73109,-86.11156
45.31915,-84.30746
44.41775,-84.5914
44.71466,-85.44922
42.17291,-84.10373
44.68,-84.01165
44.12,-84.50999
44.68047,-83.61314
44.83369,-85.72845
43.22,-85.68
45.78247,-87.326
44.25533,-85.9222
45.22039,-84.21035
45.74023,-87.09378
46.25,-89.5
42.20901,-84.53098
41.78913,-84.53609
45.93311,-87.05026
45.7457,-87.87157
42.75195,-81.52805
44.48875,-83.88607
43.55,-86.325
45.89259,-87.04828
44.42654,-83.37971
46.69303,-92.49979
47.8764,-95.0168
47.4914,-94.57375
47.3304,-94.1211
47.323,-93.9137
46.3725,-92.83521
48.0607,-90.58915
46.3666,-92.84309
48.52579,-96.28425
47.1589,-94.83755
46.67197,-94.80162
45.95602,-94.87069
46.02361,-92.88618
47.51591,-92.6349
48.1784,-92.12065
47.31732,-93.28008
46.78149,-93.81888
48.13826,-92.2895
47.65885,-93.75745
46.73252,-94.68516
48.1316,-92.296
48.8572,-96.0073
46.06195,-90.0545
47.39974,-94.41713
47.48271,-95.05023
47.47025,-92.75357
47.76524,-94.07877
47.52413,-94.88525
36.63621,-93.31413
38.7437,-94.2633
38.441,-91.6284
38.46253,-93.91737
39.1405,-91.419
37.5562,-90.2488
37.54661,-93.41
37.7664,-93.5395
39.445,-91.07
37.27,-91.985
36.7548,-92.1527
36.73,-93.51
38.11203,-91.1569
38.4971,-90.7212
37.63169,-91.41383
38.21719,-90.50072
38.586,-94.286
36.71418,-93.25712
37.18124,-94.47345
37.2306,-91.30804
38.40685,-90.7
38.01223,-91.64719
39.80751,-94868400
37.19201,-93.73122
36.3881,-93.1073
36.7279,-93.6383
36.50787,-94.2319
37.66643,-90.86792
38.4063,-90.7357
39.08817,-92.31901
36.57869,-90.21339
37.5656,-92.1426
37.18847,-90.52135
38.11468,-91.06547
37.8322,-95.32129
37.50983,-92.22327
39.20894,-94.2908
36.4504,-92.2428
39.03445,-94.10855
37.84239,-94.60359
37.91544,-94.32079
38.524,-94.1927
37.4504,-92.5415
37.48743,-93.86594
38.45927,-90.55145
40.57773,-93.64312
37.93125,-91.33569
37.05571,-90.89388
38.16811,-92.79309
37.99225,-91.42575
39.00875,-94.30658
36.589,-93.3945
38.1875,-92.337
37.5965,-90.4935
36.72415,-93.11722
37.46041,-92.63587
30.38345,-88.72985
30.46825,-89.6918
32.31255,-88.65135
32.09515,-88.68893
34.735,-88.26655
47.07954,-112.5649
46.18694,-113.6925
47.07444,-111.9625
46.05292,-112.571
48.27011,-115.6418
46.75889,-114.08
48.68,-113.82
47.60413,-113.7593
45.12266,-111.563
46.30766,-113.1424
45.28074,-109.5528
46.96508,-114.0725
47.57549,-144.0265
46.48392,-111.2644
46.5252,-113.5911
46.59692,-110.6268
45.31278,-109.6449
45.7922,-111.3637
45.61331,-110.7897
35.8934,-81.98335
35.36,-82.4831
36.3461,-81.38915
35.83845,-81.80479
35.94585,-81.7418
34.7576,-77.5873
34.3924,-77.7485
35.5605,-83.5214
35.74875,-82.26195
35.5131,-83.5582
35.42525,-77.67995
36.2058,-78.968
35.7909,-82.4614
36.38287,-80.46865
35.211,-83.007
35.89305,-83.26097
36.134,-80.66
35.10486,-83.23206
35.87885,-80.2068
35.194,-81.402
35.1312,-79.11128
35.95815,-80.2084
36.48615,-80.375
36.42315,-81.56219
35.0554,-79.88049
35.31924,-80.03551
35.95865,-81.95195
35.7695,-82.87408
34.79914,-77.10508
35.43787,-80.69763
35.78043,-81.77603
35.56577,-79.75537
35.84103,-81.20877
35.35636,-80.01653
30.0326,-83.52959
35.31331,-80.00272
35.46955,-80.08778
47.63297,-102.7291
41.2333,-96.42668
42.71425,-103.018
42.47356,-96.46025
42.69657,-103.0044
40.64043,-97.13196
42.15685,-96.34203
43.28556,-71.46778
43.05,-70.93333
43.11074,-71.35414
44.79969,-71.1794
42.78378,-71.77646
41.2145,-74.5995
39.652,-74.6298
39.7384,-74.2975
40.76345,-75.11044
39.632,-75.5167
39.8234,-74.70135
39.934,-74.3966
41.1445,-74.29085
40.9575,-74.45995
40.77545,-74.3516
40.60667,-74.84528
40.9427,-74.46155
40.99567,-74.78004
40.053,-74.1301
40.93552,-74.49518
41.29596,-74.68832
41.06945,-74.15562
41.17838,-74.52625
41.30566,-74.6854
39.88078,-74.53293
39.69191,-74.55341
41.27412,-74.64189
41.29453,-74.68758
40.89452,-74.79077
39.22348,-74.69759
39.94853,-74.42721
36.599,-105.4113
33.2516,-105.7197
36.91475,-106.9958
36.7657,-106.9547
36.14505,-108.8548
36.095,-106.9571
36.39135,-109.0612
36.19625,-105.5596
36.4178,-107.1612
33.27094,-105.7338
39.592,-119.975
39.679,-119.6665
40.52737,-118.1806
41.66955,-74.0863
43.61833,-74.75611
42.40489,-76.17366
43.2265,-78.1946
43.2696,-77.664
43.26886,-78.28014
41.97341,-73.66616
44.1856,-73.8094
44.66399,-73.73606
42.0837,-75.38025
41.38084,-73.91649
43.81495,-74.00528
43.56211,-73.45947
43.6678,-73.51238
43.66344,-73.56614
43.42645,-73.741
42.54346,-77.36516
43.7268,-73.52
43.64706,-75.57448
43.0949,-74.27923
41.59773,-73.64642
44.62185,-75.58825
43.13206,-74.47383
43.32,-73.81
43.1546,-75.73906
41.23296,-74.11488
42.24542,-77.98756
43.30679,-74.15429
43.35086,-73.34347
43.00972,-76.10047
39.9784,-84.1735
41.13021,-81.11578
39.92821,-83.64597
39.95329,-81.39827
40.65572,-83.93892
38.89665,-83.40573
39.47642,-82.24155
40.25597,-82.1334
40.2287,-81.96845
41.72735,-80.54558
41.42364,-82.82491
40.35097,-81.99847
41.14896,-83.43667
40.3244,-81.99955
40.33345,-81.26559
41.27939,-82.21939
41.09302,-81.82391
39.75531,-81.02917
39.93154,-81.28671
41.31405,-81.38112
41.17646,-81.32425
41.10715,-81.1414
41.06499,-81.3741
39.64146,-84.48506
40.74705,-82.64864
38.77727,-83.18179
40.62147,-81.34993
40.47326,-83.44371
39.25109,-82.3997
40.42655,-81.25576
40.6298,-81.5693
41.2599,-81.1455
41.1462,-80.62124
41.3235,-81.22745
40.54269,-80.89606
40.34042,-80.64211
40.72943,-80.59236
41.38274,-82.12263
41.16187,-81.37181
40.3725,-80.67828
39.63382,-81.40079
39.5246,-82.6353
40.0799,-81.49697
40.42687,-81.2558
39.24523,-82.27037
39.8494,-84.15971
38.68516,-83.12916
41.0672,-82.41861
40.99562,-82.38627
41.35208,-81.57021
40.69334,-80.57396
39.64081,-81.47081
40.01979,-83.56088
41.15845,-81.33134
39.61205,-84.36754
41.31609,-81.56152
41.48962,-83.06977
41.50086,-81.28275
40.11632,-81.52101
41.38199,-81.27506
40.1138,-81.5518
40.725,-80.616
39.10495,-82.79665
40.75079,-81.27147
40.20275,-81.1188
39.86019,-81.20422
41.25248,-81.60838
41.05931,-81.3654
39.74678,-89.34647
40.79362,-81.32337
41.12884,-80.85832
40.64049,-80.90944
39.03501,-84.1317
39.42635,-81.37085
38.69322,-83.12891
39.59947,-82.63536
41.16984,-81.64181
41.00418,-40544270
40.90177,-81.26729
41.81429,-80.84143
39.11929,-83.40022
41.13183,-81.11617
41.06194,-81.36305
40.11682,-81.4936
40.87496,-80.7291
41.17222,-82.34181
40.62731,-82.12366
41.18518,-81.03764
39.65361,-84.66399
41.76702,-80.98022
39.6543,-83.7278
41.11447,-80.14099
40.59307,-82.14194
40.12719,-81.50403
41.22248,-81.91616
41.11417,-82.07824
40.60291,-82.16943
39.05922,-83.07492
40.04603,-82.14536
38.9506,-83.02551
41.85256,-80.96186
39.65625,-84.51192
40.73206,-80.61996
39.01569,-84.08533
41.21424,-81.5168
41.06939,-82.36591
39.00175,-84.14354
40.61111,-82.29642
39.91209,-81.04791
40.01209,-82.13298
40.14003,-81.49033
40.68514,-81.02382
39.26903,-84.25986
39.56573,-82.49833
39.57143,-82.49968
38.64301,-83.69977
38.82795,-83.56633
40.36462,-82.24197
40.10975,-80.85938
34.75139,-95.04778
34.73153,-99.81514
34.53889,-94.93722
34.84167,-94.63111
35.21111,-97.24139
36.4075,-94.92667
35.00278,-95.34111
34.72195,-94.96639
34.52667,-94.70278
34.45195,-94.60042
34.52436,-94.91928
34.695,-94.685
34.64583,-94.575
35.56637,-94.98001
34.73966,-94.7264
34.74338,-94.7297
34.49108,-94.49968
35,-99
34.6021,-95.11875
35.08344,-98.24586
34.8146,-94.66875
35.50285,-94.77699
36.22935,-95.2419
35.76152,-99.93007
36.879,-95.1695
43.69005,-122.3755
45.03255,-122.4808
43.7827,-123.9599
45.7351,-123.466
45.83675,-119.6389
45.40023,-122.2777
43.7667,-123.455
43.94225,-121.3815
42.47,-122.275
44.99745,-122.1647
44.9979,-122.1631
44.96651,-123.7718
45.5666,-121.7745
43.5883,-122.0833
44.97487,-122.3057
45.32301,-121.7115
43.20335,-122.3759
42.08845,-122.7465
45.07072,-123.6664
45.70835,-123.625
44.09462,-123.3724
45.76569,-123.3601
43.16815,-123.4911
44.86875,-123.4462
45.99378,-123.9211
42.56805,-123.3322
42.4356,-122.2328
45.49805,-121.8214
44.79307,-122.5674
45.4684,-122.2487
45.25725,-121.5684
44.8623,-122.2728
45.58982,-118.6131
45.2075,-121.886
44.6335,-121.8165
43.85975,-118.8215
42.09224,-123.4043
42.16298,-123.6481
45.0487,-123.5792
45.4915,-123.2665
44.6616,-122.8494
45.03575,-122.7789
44.1263,-121.3338
44.5385,-118.5908
43.8628,-121.8829
42.6425,-124.0255
45.82565,-123.296
43.7151,-121.6347
45.4051,-121.424
45.5775,-121.6444
45.1867,-122.3803
44.8458,-123.5834
43.6583,-122.8042
45.7492,-122.9546
43.1786,-124.3688
44.4625,-121.9683
44.9633,-122.4
43.296,-122.5541
45.93701,-123.5417
44.0639,-120.2782
44.7751,-118.7717
44.6693,-123.2433
45.80374,-118.0603
43.6947,-122.0449
42.4018,-124.426
44.699,-122.1874
45.4861,-122.277
42.23865,-121.9446
45.3207,-121.9547
42.0833,-123.3333
45.3712,-118.5518
45.6764,-118.5658
45.11259,-122.7875
44.15568,-121.9531
43.6744,-123.2675
45.38736,-121.5134
46.03193,-123.4573
45.91665,-117.925
42.125,-123.2916
42.22501,-123.75
43.61538,-123.5036
43.40867,-122.8887
44.50455,-123.5524
44.68557,-118.0891
42.36945,-121.3866
45.48318,-118.83
45.61308,-123.3973
43.97603,-121.7828
45.44986,-117.7273
43.98136,-121.4705
45.1518,-122.1032
45.59864,-123.6113
44.05917,-122.9343
45.66721,-118.7056
45.24006,-121.6794
45.33935,-121.3226
41.47511,-79.3178
41.31268,-78.39445
41.845,-77.7011
40.50322,-80.19804
40.61798,-77.62407
41.70813,-77.99314
41.79985,-75.9799
40.65083,-78.52589
40.29929,-79.8944
41.34404,-78.04547
39.72785,-76.2074
39.73523,-76.04183
41.50383,-75.23662
40.43163,-79.58031
41.07374,-80.12229
40.94997,-80.07443
41.73315,-78.93985
40.04755,-80.25645
41.32501,-75.74288
41.4596,-71.58906
41.81391,-71.74425
34.0431,-80.80685
32.9032,-80.65645
35.148,-81.861
34.421,-81.396
33.132,-79.884
33.5155,-78.3829
34.35765,-82.82005
32.825,-80.559
32.29968,-80.95958
33.04536,-80.45451
35.01305,-82.7962
44.38611,-103.6183
35.5035,-89.91499
36.12292,-88.65445
35.0055,-89.3808
36.36264,-82.98764
35.1918,-86.9094
35.80762,-88.30945
36.0165,-88.76775
35.94778,-86.36485
36.19408,-83.73153
35.46865,-83.3626
35.226,-89.94
35.64151,-83.47566
35.40472,-84.05056
35.23036,-85.75014
35.5467,-85.02585
35.416,-89.7735
35.0228,-87.2352
36.38632,-83.21461
35.3218,-87.2932
35.9978,-86.2011
35.129,-84.8215
36.0925,-82.3045
36.39403,-84.85902
35.78439,-87.44963
35.8606,-89.0912
36.42846,-82.31094
36.0917,-86.9803
36.4583,-83.92841
36.1874,-87.0886
35.545,-87.8084
36.2635,-83.918
35.52335,-89.35205
35.545,-85.0667
36.105,-84.38335
33.24722,-95.77
33.45278,-101.5361
31.56,-93.87194
29.57444,-98.03083
33.37917,-94.11611
30.33333,-96.55
33.18528,-94.25556
28.725,-97.06667
32.5175,-96.80417
32.26889,-96.69583
33.75556,-96.53
32.4125,-94.81806
31.40444,-95.70861
31.33333,-94.33334
31.78333,-95.68333
33.82722,-95.62861
32.1,-94.20695
33.81861,-96.96333
29.385,-97.81083
33.62167,-100.8361
32.53333,-98.05
33.59,-96.27306
30.95972,-95.58334
33.33,-95.54278
33.34139,-95.24917
32.28944,-94.86833
32.51556,-95.41817
31.84167,-100.5167
32.65,-94.37361
32.9,-94.6
31.87333,-96.2
28.8,-96.04472
32.83333,-98.38333
30.76667,-93.68333
30.52694,-95.71278
30.405,-95.36166
29.24665,-100.4104
30.525,-96.59167
30.55,-95.12305
30.43444,-93.89
30.71139,-94.58
30.66986,-94.66653
29,-95.5
30.46,-95.13
30.33778,-93.97194
30.14378,-95.47556
30.54366,-95.77908
30.566,-100.545
31.50773,-95.20691
31.37756,-97.59946
31.44815,-100.4219
32.817,-98.34489
31.4771,-98.53998
30.812,-95.75645
33.27303,-97.03784
33.79094,-95.92831
33.81435,-96.76199
33.33614,-97.02299
33.05685,-94.52925
32.475,-97.815
32.84,-97.445
32.755,-98
29.30877,-97.47971
30.7114,-94.04529
29.79893,-98.15556
29.26258,-98.56143
31.05591,-94.20776
33.17162,-94.14799
33.2784,-94.12258
33.25,-95.84
33.2,-98.4
30.52897,-95.72607
32.75,-97.75
33.375,-98.3
34.31,-99.295
32.15,-97.52499
32.375,-98.68
32.675,-97.025
31.18523,-95.89323
30.55738,-96.42506
33.25,-97.05
33.04,-97.18
39.64175,-111.2186
40.25622,-111.6068
40.42,-111.63
40.65,-110
40.9,-109.75
39.48,-111.23
40.9,-111.625
40.915,-109.725
40.75,-109.575
40.26705,-111.5986
40.825,-110.825
40.77988,-110.9325
41.6359,-111.6149
40.61087,-110.8139
40.61125,-110.3583
41.41125,-111.5833
40.34937,-111.6956
41.49955,-111.6348
38.8204,-111.6631
39.58375,-111.1339
40.9744,-111.8189
40.60779,-111.6508
40.60353,-110.8055
37.75705,-109.3125
40.4871,-112.1402
37.53434,-79.49707
38.80319,-77.34879
37.1694,-76.77447
36.5884,-76.28729
36.8778,-82.4179
36.94165,-80.04166
37.00085,-80.8797
37.9808,-78.9279
38.54602,-79.16096
36.589,-79.1345
37.92735,-75.6561
36.6765,-76.364
38.56546,-79.14478
37.01115,-79.908
37.303,-78.193
38.36885,-78.5367
37.047,-77.90815
38.44714,-79.65548
37.047,-77.90815
38.70819,-77.17868
38.0735,-77.2265
38.58125,-79.14795
36.7586,-76.0418
36.932,-80.89
36.91355,-77.95074
37.12815,-79.8871
38.9593,-78.02081
36.76377,-81.9107
38.3331,-79.35755
37.64224,-79.79759
37.15814,-80.36054
37.41095,-80.6275
38.57716,-79.11095
38.89625,-78.1268
36.73225,-81.62195
38.51591,-79.02109
43.1635,-73.0723
43.43623,-72.43684
42.86222,-72.60887
48.64056,-121.8053
46.98333,-121.0922
46.33333,-117.6767
46.04722,-122.1914
47.5616,-123.1967
47.0044,-122.5386
46.8733,-121.3051
47.79111,-122.1914
48.59694,-120.5122
46.71,-122.3442
45.91694,-121.5825
47.495,-120.835
47.8498,-120.9591
47.4644,-120.6705
48.0281,-123.5864
45.69,-122.3353
47.7442,-122.8994
48.02611,-121.6406
45.75056,-121.6508
47.29833,-120.3
47.0413,-124.053
47.14472,-120.7967
47.01139,-123.6619
46.03333,-117.9486
47.5225,-121.7569
47.425,-121.4317
47.3958,-121.5356
47.1998,-121.7565
47.25722,-120.8908
46.93333,-121.2692
46.87139,-121.2981
47.4317,-121.7731
46.49139,-122.9367
46.55139,-121.4625
47.3542,-123.2334
48.61972,-120.1075
48.66611,-117.4694
47.00444,-122.5386
46.9363,-122.7607
47.32944,-122.5789
47.05472,-121.8211
47.3724,-122.5819
47.15556,-122.4328
46.06333,-122.1967
46.3341,-121.7913
46.17861,-122.0514
47.8895,-121.8134
46.803,-122.4133
46.803,-122.4133
48.78056,-122.1483
46.5602,-121.1458
47.92528,-117.1153
48.2688,-121.705
47.0945,-122.0874
46.10444,-122.015
47.1608,-121.6594
47.41,-121.725
47.19944,-120.2758
46.10861,-122.1283
46.0675,-118.0519
47.2842,-121.0777
46.82167,-121.2764
47.7117,-121.1544
47.2641,-123.1583
46.1333,-121.8
45.9667,-121.6667
46.5347,-122.4275
47.85556,-121.9697
48.09725,-122.8241
48.40611,-118.9844
47.981,-117.6454
46.621,-121.0638
46.08515,-121.7064
46.1036,-121.7944
48.2775,-121.8078
48.72917,-121.6278
47.40667,-122.0375
46.37,-122.82
46.5256,-122.0252
47.3991,-121.1008
47.4822,-120.319
46.0969,-121.9191
47.8323,-120.718
47.9093,-118.9505
47.0586,-122.2864
45.88039,-121.1692
47.9477,-124.5301
47.8901,-121.3676
46.21583,-121.9192
48.9138,-119.7023
47.4645,-123.8979
48.9058,-121.6967
47.0228,-121.5497
46.7225,-121.6606
47.5958,-123.1208
46.79955,-122.2738
47.2293,-123.4898
45.723,-121.8864
47.23194,-122.885
47.46312,-121.4454
47.9237,-122.8531
48.247,-122.6916
47.40245,-121.5633
48.21095,-122.0262
47.33515,-121.4044
47.16145,-121.8943
48.08025,-123.7108
46.01665,-121.6669
46.44165,-122.3416
47.2055,-123.3958
46.0803,-121.7512
46.951,-122.2985
47.4352,-121.7812
46.988,-123.8647
48.1368,-123.7349
48.9294,-122.0247
46.0189,-121.7476
46.3751,-122.1301
48.78336,-122.2196
47.5532,-124.3324
46.8434,-123.2383
48.79056,-117.2833
47.2637,-120.2238
47.775,-120.715
46.74778,-121.3603
47.0849,-122.5926
47.86028,-123.9364
47.275,-122.195
47.71167,-121.1544
45.4549,-122.1761
46.92694,-124.1736
46.75861,-122.0297
46.09035,-121.9313
47.86697,-123.8796
46.93755,-123.8358
47.79222,-121.1958
48.66175,-121.3685
47.74435,-120.7426
46.13795,-122.3291
48.45809,-120.1611
48.86479,-117.3672
47.7504,-122.535
47.969,-123.582
46.14853,-121.5775
47.3978,-123.2008
48.71545,-119.0802
48.22336,-121.5777
48.3912,-119.7595
47.396,-123.1976
48.94655,-119.5423
48.45809,-120.1611
47.1144,-121.4844
48.1864,-122.2612
46.19328,-167.131
46.50511,-122.9316
48.32956,-119.187
47.6597,-122.105
46.74551,-121.8221
46.94445,-122.6893
46.74621,-122.0467
46.11887,-122.1931
46.40153,-121.8738
47.09685,-121.45
47.86405,-121.6738
47.74225,-122.5377
48.105,-121.905
47.55477,-121.5354
48.03632,-122.9539
48.11509,-121.9677
46.35099,-123.6886
45.99935,-121.4821
47.28435,-122.8665
47.32307,-61921560
46.63153,-123.2349
47.2331,-123.9878
47.1787,-122.2484
46.39019,-122.0303
47.00008,-121.9563
46.48441,-121.936
46.878,-122.3574
46.99857,-121.6321
45.9216,-121.718
47.71782,-123.0533
48.17107,-122.5089
48.51673,-118.5905
48.13025,-121.851
46.51479,-122.6361
46.52485,-121.2957
48.7844,-118.5545
48.95876,-118.4102
47.97205,-121.4008
46.31401,-124.0273
45.96578,-121.7576
46.38448,-122.5572
46.81398,-122.0571
46.49406,-122.5319
46.50105,-122.8722
46.75225,-122.0566
48.27646,-124.6802
46.98578,-122.6997
47.46872,-123.2259
46.55354,-122.2842
45.83632,-121.921
46.50835,-123.0235
47.29435,-123.1267
47.41995,-123.2005
46.82742,-123.7095
47.94485,-123.5436
47.2838,-124.2306
47.77293,-122.5552
46.86044,-122.7043
48.60844,-118.4379
47.90079,-121.6692
46.97441,-122.6317
46.71103,-123.4013
47.147,-122.6028
48.6584,-119.8428
47.7925,-122.1676
48.58177,-120.8032
48.19984,-120.7744
46.68102,-121.6014
46.59632,-122.5308
48.9651,-120.5949
46.48508,-122.7372
47.6633,-122.1253
47.19006,-124.199
46.75953,-122.0246
47.04433,-121.4234
48.04725,-121.4469
47.83843,-120.55
48.0744,-121.7915
44.83931,-120.5688
48.02073,-121.3552
47.06045,-122.157
48.57806,-119.6985
48.0835,-121.9683
47.6653,-122.9714
46.96189,-124.1692
48.10892,-121.5186
47.61922,-123.1592
47.49367,-123.8859
48.27656,-122.2138
46.46447,-121.5314
47.12015,-123.0865
48.07834,-121.7363
47.8465,-122.1357
47.34072,-122.0775
46.85524,-121.3034
47.85691,-120.6502
47.67304,-122.941
46.96114,-124.1526
46.73581,-121.3201
47.1352,-122.0669
48.44425,-119.9417
48.50999,-120.793
47.03189,-122.3677
47.82636,-121.1057
48.43505,-121.3455
47.5505,-117.167
48.13261,-121.3539
48.64385,-119.182
46.64191,-122.4607
47.72298,-120.7219
48.64185,-120.502
46.86113,-122.2669
48.18676,-118.0076
47.09982,-122.6246
48.36624,-117.9368
48.40859,-119.0709
46.958,-122.6755
47.172,-122.1625
47.6016,-121.6785
48.80483,-117.5853
47.1862,-122.1054
47.73081,-117.159
46.6979,-121.5094
47.41704,-121.1417
45.96384,-121.6095
47.57132,-123.1586
48.2914,-117.4546
48.49398,-117.0579
45.94002,-121.7582
48.48157,-122.1845
48.37697,-121.8281
48.15997,-118.0387
45.77225,-122.3445
46.51122,-121.2719
48.56245,-121.8588
45.5258,-91.87774
45.43522,-88.12464
43.06171,-90.1687
46.05229,-92.30575
45.7264,-89.8741
45.776,-92.683
43.1575,-88.1255
46.0484,-89.66195
45.94,-90.46
45.9555,-89.7384
46.6425,-91.1713
44.4723,-90.7167
43.251,-88.3245
46.59847,-90.90444
44.69867,-87.49564
46.25961,-91.10812
45.02176,-88.5233
43.8708,-89.18135
42.97569,-88.44846
45.95359,-88.38782
45.05592,-87.63705
45.87116,-89.66046
44.42315,-89.7793
45.0255,-89.02036
42.51519,-87.52243
43.13145,-90.2787
45.75095,-446665.2
44.4308,-89.7715
43.89418,-87.94178
44.2045,-442106.6
42.86631,-87.84023
42.95915,-89.6816
45.941,-89.21035
42.9633,-89.66375
42.82445,-90.24295
43.85809,-89.81407
46.1675,-89.3381
43.425,-88.68
43.1573,-90.7109
45.38867,-92.66538
46.42085,-91.2421
46.67915,-90.86665
43.21667,-88.31644
45.95919,-91.30911
45.90015,-90.43416
39.06881,-79.32608
38,-81
38.38096,-82.52633
37.46292,-81.60155
38.27832,-80.51534
38.46118,-82.07358
38.5464,-82.25949
38.90203,-79.33517
37.80531,-81.14714
38.8448,-82.0849
38.7084,-79.7802
38.6934,-79.5653
38.8554,-79.3999
38.10833,-80.17528
39.61958,-81.14833
39.6723,-80.5621
38.10785,-80.19044
38.7016,-79.52835
39.05,-79.98335
39.51,-80.985
38.8317,-81.5784
38.20065,-80.17294
38.7365,-81.0321
39.6716,-79.9442
37.75415,-82.0029
39.9433,-79.665
38.8762,-79.95695
38.312,-80.429
37.6665,-81.1447
38.55,-79.98
38.788,-79.495
39.355,-80.915
37.515,-81.8
38.3248,-82.4438
38.57502,-79.18524
38.712,-79.7773
38.52026,-79.33413
38.7201,-79.7927
38.6492,-79.26241
38.9706,-79.4123
38.93027,-79.68047
40.29,-80.585
37.603,-81.2625
39.51256,-78.05424
38.9695,-79.7625
44.49817,-109.6429
42.4829,-110.5979
42.4914,-110.9967
44.4165,-104.1665
33.94175,-86.17965
34.1288,-86.68
33.1075,-92.33472
32.71528,-117.1564
28.21492,-82.4524
33.4996,-84.5422
37.745,-89.3595
37.846,-89.0111
38.4975,-88.9094
38.809,-89.918
47.17833,-111.9744
47.03222,-114.0906
48.03278,-105.8642
31.87791,-94.89986
31.22333,-94.96611
47.47745,-121.0415
47.57778,-124.2933
47.5103,-122.0456
43.98694,-91.33662